rank,signal,fred_id,verdict,measured_lead_months,peak_r,r_lag0,lead_gain,is_comover,ci95_low,ci95_high,perm_p,perm_q,robust,smoothing_pass,holds_pass,episode_pass,episode_worst_r,episode_worst_block,n,corroborators,category,starter,sample_start,short_sample,short_note,partial_r_ctrl_market,survival_vs_cycle,lead_class
1,Producer Price Index by Commodity: Metals an,WPS101,CONFIRMED,6,0.7802,0.5436,0.2367,no,0.4421,0.8866,0.016,0.0284,yes,yes,yes,yes,0.618,2020-2022,419,106,input_ppi,added,1968-01-01,no,,0.5282,survives,true lead
2,Metals and Metal Products,WPU10,CONFIRMED,5,0.7765,0.6403,0.1362,no,0.575,0.8756,0.007,0.0158,yes,yes,yes,yes,0.6873,2020-2022,696,94,ppi_metals,added,1968-01-01,no,,0.4883,survives,true lead
3,Import Price Index (End Use): Finished Metal,IR15,CONFIRMED,3,0.7209,0.6579,0.063,no,0.5314,0.8552,0.007,0.0158,yes,yes,yes,yes,0.5819,2020-2022,419,100,import,added,1981-12-01,no,,0.2902,partly survives,true lead
4,Cold-rolled steel sheet (GOES proxy),WPU101707,CONFIRMED,6,0.7133,0.4873,0.2261,no,0.1936,0.854,0.013,0.0245,yes,yes,yes,yes,0.342,2020-2022,510,130,steel,added,1983-06-01,no,,0.531,survives,true lead
5,Rubber and Plastic Products: Plastic Constru,WPU0721,CONFIRMED,3,0.6994,0.6413,0.0581,no,0.3297,0.8317,0.001,0.0043,yes,yes,yes,yes,0.5457,2020-2022,662,119,ppi_plastics_rubber,added,1971-01-01,no,,0.4697,survives,true lead
6,Nonferrous wire & cable PPI,WPU1026,CONFIRMED,6,0.6754,0.4871,0.1883,no,0.5134,0.7871,0.004,0.0132,yes,yes,yes,yes,0.6158,1972-1974,695,111,wire,added,1968-01-01,no,,0.4427,survives,true lead
7,Iron & steel PPI,WPU101,CONFIRMED,4,0.6697,0.5461,0.1236,no,0.409,0.8022,0.007,0.0158,yes,yes,yes,yes,0.5333,2020-2022,697,111,steel,starter,1968-01-01,no,,0.3155,survives,true lead
8,Steel mill products PPI,WPU1017,CONFIRMED,4,0.6606,0.5524,0.1081,no,0.3696,0.7967,0.007,0.0158,yes,yes,yes,yes,0.4893,2020-2022,697,121,steel,added,1968-01-01,no,,0.3579,survives,true lead
9,Producer Price Index by Commodity: Metals an,WPS1012,CONFIRMED,9,0.6593,0.1877,0.4716,no,0.2072,0.7733,0.001,0.0043,yes,yes,yes,yes,0.5645,1974-1974,332,46,input_ppi,added,1974-01-01,no,,0.5007,survives,true lead
10,Metals and Metal Products: Nonferrous Mill S,WPU1025,CONFIRMED,6,0.6537,0.4649,0.1888,no,0.4778,0.7774,0.001,0.0043,yes,yes,yes,yes,0.5822,1972-1974,695,112,ppi_metals,added,1968-01-01,no,,0.3523,survives,true lead
11,Import Price Index (End Use): Iron and Steel,IR150,CONFIRMED,4,0.644,0.5503,0.0936,no,0.2577,0.8383,0.001,0.0043,yes,yes,yes,yes,0.374,2020-2022,402,113,import,added,1981-12-01,no,,0.2192,partly survives,true lead
12,Import: Ind. Supplies & Materials (durable),IR1DUR,CONFIRMED,5,0.6356,0.5262,0.1094,no,0.4607,0.7637,0.001,0.0043,yes,yes,yes,yes,0.5653,2020-2022,401,95,import,added,1990-06-01,no,,0.2084,partly survives,true lead
13,Aluminum mill shapes PPI,WPU102501,CONFIRMED,4,0.6149,0.5235,0.0914,no,0.3929,0.7622,0.001,0.0043,yes,yes,yes,yes,0.547,2020-2022,697,123,aluminum,starter,1968-01-01,no,,0.2614,partly survives,true lead
14,Producer Price Index by Commodity: Metals an,WPS102,CONFIRMED,7,0.6056,0.336,0.2696,no,0.4314,0.7418,0.001,0.0043,yes,yes,yes,yes,0.5204,1972-1974,514,88,input_ppi,added,1968-01-01,no,,0.3447,survives,true lead
15,Metals and Metal Products: Nonferrous Metals,WPU102,CONFIRMED,7,0.605,0.3572,0.2478,no,0.4536,0.7301,0.001,0.0043,yes,yes,yes,yes,0.5269,1972-1974,694,94,ppi_metals,added,1968-01-01,no,,0.3326,survives,true lead
16,Chemicals and Allied Products: Plastic Resin,WPU066,CONFIRMED,4,0.6027,0.5202,0.0826,no,0.346,0.7436,0.001,0.0043,yes,yes,yes,yes,0.5172,1972-1974,697,116,ppi_chemicals,added,1968-01-01,no,,0.2049,partly survives,true lead
17,Global tin price,PTINUSDM,CONFIRMED,6,0.5924,0.3951,0.1973,no,0.2915,0.7669,0.001,0.0043,yes,yes,yes,yes,0.4695,2020-2022,395,129,basemetal,added,1993-01-01,no,,0.3417,survives,true lead
18,Global aluminum price,PALUMUSDM,CONFIRMED,5,0.5586,0.4095,0.1491,no,0.3435,0.7321,0.009,0.0185,yes,yes,yes,yes,0.4785,2020-2022,396,111,aluminum,starter,1993-01-01,no,,0.2422,partly survives,true lead
19,Metals and Metal Products: Primary Nonferrou,WPU1022,CONFIRMED,7,0.5425,0.3032,0.2394,no,0.4092,0.6721,0.001,0.0043,yes,yes,yes,yes,0.4822,1972-1974,694,101,ppi_metals,added,1968-01-01,no,,0.2811,partly survives,true lead
20,Producer Price Index by Commodity: Metals an,PPICMM,CONFIRMED,7,0.5402,0.3109,0.2293,no,0.4031,0.6711,0.001,0.0043,yes,yes,yes,yes,0.4809,1972-1974,694,100,input_ppi,added,1968-01-01,no,,0.2944,partly survives,true lead
21,Metals and Metal Products: Secondary Nonferr,WPU1024,CONFIRMED,8,0.5395,0.2884,0.2511,no,0.3402,0.7113,0.001,0.0043,yes,yes,yes,yes,0.4163,1972-1974,693,88,ppi_metals,added,1968-01-01,no,,0.3053,survives,true lead
22,Import Price Index (End Use): Major Nonferro,IR142,CONFIRMED,6,0.5353,0.3661,0.1692,no,0.3665,0.7116,0.001,0.0043,yes,yes,yes,yes,0.4693,2005-2007,420,115,import,added,1982-12-01,no,,0.2547,partly survives,true lead
23,Global price of Industrial Materials index,PINDUINDEXM,CONFIRMED,7,0.5283,0.3365,0.1918,no,0.3303,0.7137,0.001,0.0043,yes,yes,yes,yes,0.4779,2005-2007,394,95,commodity_fx,added,1993-01-01,no,,0.3229,survives,true lead
24,Global copper price,PCOPPUSDM,CONFIRMED,7,0.5264,0.3119,0.2145,no,0.3537,0.6938,0.001,0.0043,yes,yes,yes,yes,0.4655,2005-2007,394,97,copper,starter,1993-01-01,no,,0.3372,survives,true lead
25,Copper PPI,WPUSI019011,CONFIRMED,8,0.5257,0.2648,0.2609,no,0.3946,0.6338,0.009,0.0185,yes,yes,yes,yes,0.484,2005-2007,693,90,copper,starter,1968-01-01,no,,0.3382,survives,true lead
26,Global price of Metal index,PMETAINDEXM,CONFIRMED,7,0.5233,0.3319,0.1914,no,0.3218,0.7082,0.001,0.0043,yes,yes,yes,yes,0.4706,2005-2007,394,96,commodity_fx,added,1993-01-01,no,,0.3446,survives,true lead
27,Global Price Index of All Commodities,PALLFNFINDEXM,STRONG BUT CYCLE-DRIVEN,3,0.6902,0.6073,0.0828,no,0.5242,0.8009,0.001,0.0043,yes,yes,yes,yes,0.5963,2020-2022,398,95,commodity_fx,added,1993-01-01,no,,-0.0444,cycle-driven,true lead
28,Import: Ind. Supplies & Materials (ex-fuel),IR1EXFUEL,STRONG BUT CYCLE-DRIVEN,3,0.6764,0.6127,0.0637,no,0.5166,0.7945,0.016,0.0284,yes,yes,yes,yes,0.6014,2020-2022,278,73,import,added,2002-12-01,no,,0.0003,cycle-driven,true lead
29,Global price of Energy index,PNRGINDEXM,STRONG BUT CYCLE-DRIVEN,3,0.6722,0.596,0.0763,no,0.3921,0.8184,0.001,0.0043,yes,yes,yes,yes,0.4629,2020-2022,398,104,commodity_fx,added,1993-01-01,no,,-0.0123,cycle-driven,true lead
30,Import Price Index (End Use): Industrial Sup,IR1EXPET,STRONG BUT CYCLE-DRIVEN,3,0.6492,0.5933,0.0559,no,0.485,0.7653,0.001,0.0043,yes,yes,yes,yes,0.5508,2020-2022,429,95,import,added,1983-09-01,no,,-0.1258,cycle-driven,true lead
31,Refined petroleum products PPI,WPU057,STRONG BUT CYCLE-DRIVEN,3,0.6241,0.5437,0.0804,no,0.4622,0.7322,0.001,0.0043,yes,yes,yes,yes,0.56,2020-2022,698,113,energy,added,1968-01-01,no,,-0.0011,cycle-driven,true lead
32,Import: Industrial Supplies & Materials,IR1,STRONG BUT CYCLE-DRIVEN,2,0.6004,0.5413,0.0591,no,0.4565,0.7254,0.007,0.0158,yes,yes,yes,yes,0.5682,2014-2016,451,104,import,added,1985-12-01,no,,-0.3029,cycle-driven,true lead
33,Import Price Index (End Use): Unfinished Met,IR14,STRONG BUT CYCLE-DRIVEN,5,0.5962,0.4783,0.1179,no,0.4434,0.7394,0.001,0.0043,yes,yes,yes,yes,0.558,2005-2007,431,101,import,added,1982-12-01,no,,0.1862,cycle-driven,true lead
34,Manufacturers' Unfilled Orders: Primary Meta,A31SUO,STRONG BUT CYCLE-DRIVEN,3,0.5894,0.5354,0.054,no,0.4158,0.7622,0.01,0.0196,yes,yes,yes,yes,0.5045,2020-2022,398,117,orders,added,1993-01-01,no,,0.15,cycle-driven,true lead
35,WTI crude oil,WTISPLC,STRONG BUT CYCLE-DRIVEN,5,0.5879,0.4314,0.1564,no,0.4097,0.7213,0.007,0.0158,yes,yes,yes,yes,0.481,1972-1974,696,125,energy,starter,1968-01-01,no,,0.1459,cycle-driven,true lead
36,Global price of Food index,PFOODINDEXM,STRONG BUT CYCLE-DRIVEN,3,0.5661,0.476,0.0901,no,0.3581,0.7066,0.001,0.0043,yes,yes,yes,yes,0.4636,2020-2022,398,128,commodity_fx,added,1993-01-01,no,,0.0645,cycle-driven,true lead
37,New Orders: Total Manufacturing,AMTMNO,STRONG BUT CYCLE-DRIVEN,3,0.5492,0.4845,0.0647,no,0.4066,0.6844,0.015,0.0272,yes,yes,yes,yes,0.4702,2020-2022,397,111,orders,added,1993-02-01,no,,-0.0961,cycle-driven,true lead
38,New Orders: Primary Metals,A31SNO,STRONG BUT CYCLE-DRIVEN,5,0.5483,0.4187,0.1297,no,0.3681,0.7315,0.015,0.0272,yes,yes,yes,yes,0.4692,2020-2022,395,102,orders,added,1993-02-01,no,,0.1245,cycle-driven,true lead
39,Manufacturers' Unfilled Orders: Iron and Ste,A31AUO,STRONG BUT CYCLE-DRIVEN,3,0.547,0.4832,0.0638,no,0.3637,0.7279,0.016,0.0284,yes,yes,yes,yes,0.4375,2020-2022,398,126,orders,added,1993-01-01,no,,0.1503,cycle-driven,true lead
40,WTI Crude,POILWTIUSDM,STRONG BUT CYCLE-DRIVEN,3,0.5469,0.4385,0.1084,no,0.3734,0.6859,0.001,0.0043,yes,yes,yes,yes,0.4854,2020-2022,398,116,commodity,added,1993-01-01,no,,-0.0703,cycle-driven,true lead
41,Fuels and Related Products and Power: Natura,WPU0532,STRONG BUT CYCLE-DRIVEN,5,0.5353,0.4037,0.1316,no,0.3051,0.685,0.001,0.0043,yes,yes,yes,yes,0.3989,2020-2022,648,123,ppi_fuels_power,added,1972-01-01,no,,0.0469,cycle-driven,true lead
42,Brent Crude,POILBREUSDM,STRONG BUT CYCLE-DRIVEN,3,0.5319,0.4457,0.0862,no,0.3621,0.691,0.001,0.0043,yes,yes,yes,yes,0.4859,2020-2022,398,115,commodity,added,1993-01-01,no,,-0.1131,cycle-driven,true lead
43,Import Price Index (End Use): Petroleum Prod,IR100,STRONG BUT CYCLE-DRIVEN,2,0.5224,0.4659,0.0565,no,0.339,0.6833,0.007,0.0158,yes,yes,yes,yes,0.4552,2020-2022,462,113,import,added,1983-06-01,no,,-0.182,cycle-driven,true lead
44,Fuels and Related Products and Power: Crude,WPU056,STRONG BUT CYCLE-DRIVEN,3,0.5209,0.4244,0.0965,no,0.3348,0.6791,0.001,0.0043,yes,yes,yes,yes,0.4538,2020-2022,404,117,ppi_fuels_power,added,1992-07-01,no,,-0.0973,cycle-driven,true lead
45,Import Price Index (End Use): Crude Oil,IR10000,STRONG BUT CYCLE-DRIVEN,3,0.5137,0.4376,0.0761,no,0.3346,0.6659,0.001,0.0043,yes,yes,yes,yes,0.4491,2020-2022,437,117,import,added,1981-12-01,no,,-0.1356,cycle-driven,true lead
46,Retailers: Inventories to Sales Ratio,RETAILIRSA,STRONG / NOT ROBUST,12,-0.5465,0.062,0.4846,no,-0.7397,-0.0957,0.001,0.0043,no,yes,yes,no,-0.1604,2020-2022,388,2,inventories,added,1993-01-01,no,,-0.5378,survives,true lead
47,Manufacturers' Unfilled Orders: Photographic,A33GUO,NOT SIGNIFICANT,22,0.6376,0.0653,0.5723,no,0.4555,0.7771,0.0769,0.1232,yes,yes,yes,yes,0.5552,2020-2022,379,0,orders,added,1993-01-01,no,,0.6384,survives,true lead
48,Import: Copper,IR14220,SHORT-SAMPLE (unverified),10,0.857,0.0904,0.7666,no,0.2759,0.9346,0.001,0.0043,no,yes,no,yes,0.3455,2020-2022,80,16,import,added,2018-12-01,yes,only 90 usable months (<150); sample starts 2018-12-01 (after 2010-01-01) | window artifact: long benchmark matches over this window,0.8006,survives,true lead
49,Import Price Index (End Use): Lumber and Oth,IR130,PARTIAL / INCONCLUSIVE,14,0.4883,0.0456,0.4427,no,-0.0245,0.6882,0.041,0.0681,no,yes,yes,no,0.0751,2020-2022,416,12,import,added,1981-12-01,no,,0.4532,survives,true lead
50,Iron & steel scrap PPI,WPU1012,PARTIAL / INCONCLUSIVE,8,0.4861,0.2126,0.2735,no,0.2465,0.6505,0.006,0.0151,yes,yes,yes,yes,0.3708,1972-1974,693,103,steel,starter,1968-01-01,no,,0.2281,partly survives,true lead
51,Metals and Metal Products: Nonferrous Scrap,WPU1023,PARTIAL / INCONCLUSIVE,11,0.4847,0.1135,0.3712,no,0.2952,0.6407,0.01,0.0196,yes,yes,yes,yes,0.387,1972-1974,688,18,ppi_metals,added,1968-01-01,no,,0.3215,survives,true lead
52,Global zinc price,PZINCUSDM,PARTIAL / INCONCLUSIVE,5,0.4687,0.3445,0.1241,no,0.2759,0.706,0.1718,0.2418,yes,yes,yes,yes,0.3726,2005-2007,396,130,basemetal,added,1993-01-01,no,,0.3784,survives,true lead
53,New Orders: Fabricated Metal Products,A32SNO,PARTIAL / INCONCLUSIVE,3,0.4683,0.3909,0.0774,no,0.332,0.6077,0.015,0.0272,yes,yes,yes,yes,0.4382,2020-2022,397,124,orders,added,1993-02-01,no,,-0.0732,cycle-driven,true lead
54,5-Year Breakeven Inflation Rate,T5YIE,PARTIAL / INCONCLUSIVE,6,0.4681,0.2192,0.2489,no,0.1858,0.678,0.2927,0.3604,no,yes,yes,no,0.2862,2020-2022,263,134,expectations,added,2004-01-01,no,,0.1728,cycle-driven,true lead
55,Import Price Index (End Use): Fish and Shell,IR01000,PARTIAL / INCONCLUSIVE,4,0.4496,0.3753,0.0743,no,0.1608,0.663,0.013,0.0245,no,yes,yes,no,0.274,2020-2022,426,135,import,added,1981-12-01,no,,0.0791,cycle-driven,true lead
56,Fuels and Related Products and Power: Gas Fu,WPU053,PARTIAL / INCONCLUSIVE,3,0.4485,0.3983,0.0502,no,0.1859,0.6498,0.001,0.0043,no,yes,yes,no,0.2432,2020-2022,698,124,ppi_fuels_power,added,1968-01-01,no,,-0.087,cycle-driven,true lead
57,Producer Price Index by Commodity: Metals an,WPS1023,PARTIAL / INCONCLUSIVE,10,0.4472,0.1057,0.3415,no,0.2173,0.5559,0.001,0.0043,yes,yes,yes,yes,0.3833,1974-1974,509,24,input_ppi,added,1974-01-01,no,,0.2828,partly survives,true lead
58,Chemicals and Allied Products: Fats and Oils,WPU064,PARTIAL / INCONCLUSIVE,10,0.4229,0.1761,0.2467,no,0.0711,0.621,0.001,0.0043,no,yes,yes,no,0.2809,1972-1974,691,45,ppi_chemicals,added,1968-01-01,no,,0.188,cycle-driven,true lead
59,Iron Ore,PIORECRUSDM,PARTIAL / INCONCLUSIVE,14,0.4016,0.1596,0.242,no,0.104,0.6289,0.1219,0.1792,yes,yes,yes,yes,0.3152,2020-2022,387,12,commodity,added,1993-01-01,no,,0.3639,survives,true lead
60,Metals and Metal Products: Nonferrous Metal,WPU1021,PARTIAL / INCONCLUSIVE,6,0.4011,0.2765,0.1246,no,0.2643,0.5968,0.001,0.0043,yes,yes,yes,yes,0.3186,2005-2007,482,123,ppi_metals,added,1985-02-01,no,,0.1688,cycle-driven,true lead
61,New Orders: Durable Goods,DGORDER,PARTIAL / INCONCLUSIVE,6,0.3845,0.3111,0.0734,no,0.2086,0.5495,0.1738,0.242,no,yes,yes,no,0.2983,2020-2022,394,131,orders,added,1993-02-01,no,,0.0411,cycle-driven,true lead
62,Nominal Broad U.S. Dollar Index,DTWEXBGS,PARTIAL / INCONCLUSIVE,6,-0.3714,-0.1596,0.2119,no,-0.7033,-0.1067,0.3357,0.4008,no,yes,no,no,-0.2749,2014-2016,227,1,dollar,added,2007-01-01,no,,-0.0523,cycle-driven,true lead
63,New Orders: Nondefense Capital Goods,ANDENO,PARTIAL / INCONCLUSIVE,7,0.3657,0.261,0.1048,no,0.1778,0.5283,0.001,0.0043,no,yes,yes,no,0.295,2020-2022,393,116,orders,added,1993-02-01,no,,0.1255,cycle-driven,true lead
64,Global price of Agr. Raw Material Index,PRAWMINDEXM,PARTIAL / INCONCLUSIVE,4,0.3536,0.275,0.0787,no,0.2354,0.5533,0.4096,0.4705,yes,yes,yes,yes,0.3175,2014-2016,397,133,commodity_fx,added,1993-01-01,no,,-0.1079,cycle-driven,true lead
65,Global lead price,PLEADUSDM,PARTIAL / INCONCLUSIVE,6,0.351,0.205,0.146,no,0.2284,0.5587,0.1928,0.2611,yes,yes,yes,yes,0.3162,2008-2010,395,137,basemetal,added,1993-01-01,no,,0.2178,partly survives,true lead
66,Producer Price Index by Commodity: Metals an,WPS102302,PARTIAL / INCONCLUSIVE,9,0.3473,0.1195,0.2278,no,0.1187,0.5645,0.021,0.0361,no,yes,yes,no,0.1878,2020-2022,608,53,input_ppi,added,1975-01-01,no,,0.1599,cycle-driven,true lead
67,Import Price Index (End Use): Other Precious,IR14280,PARTIAL / INCONCLUSIVE,11,0.3375,0.1637,0.1738,no,0.0175,0.585,0.1618,0.2294,no,yes,yes,no,0.2142,2020-2022,407,36,import,added,1982-12-01,no,,0.2201,partly survives,true lead
68,Nominal Advanced Foreign Economies U.S. Doll,DTWEXAFEGS,PARTIAL / INCONCLUSIVE,7,-0.3332,-0.0421,0.2911,no,-0.6947,-0.0557,0.3636,0.4264,no,yes,no,no,-0.2351,2014-2016,226,1,dollar,added,2007-01-01,no,,-0.1429,cycle-driven,true lead
69,"5-Year, 5-Year Forward Inflation Expectation",T5YIFR,PARTIAL / INCONCLUSIVE,7,0.3252,0.1907,0.1345,no,0.1283,0.6304,0.1429,0.2062,no,yes,yes,no,0.2139,2020-2022,262,117,expectations,added,2004-01-01,no,,0.1041,cycle-driven,true lead
70,Capacity Utilization: Manufacturing: Durable,CAPUTLHITEK2S,PARTIAL / INCONCLUSIVE,11,0.323,0.1159,0.2071,no,0.1777,0.4465,0.2068,0.2734,no,yes,yes,no,0.2869,2020-2022,690,39,grid_datacenter,added,1968-01-01,no,,0.1775,not cycle-driven (weak on its own),true lead
71,Metals and Metal Products: Heating Equipment,WPU106,CO-MOVER (not a lead),-1,0.8196,0.8154,0.0041,yes,0.6138,0.9017,0.003,0.0106,yes,yes,yes,yes,0.7314,2020-2022,700,95,ppi_metals,added,1968-01-01,no,,0.7101,survives,co-mover
72,Producer Price Index by Commodity: Metals an,WPS1074,CO-MOVER (not a lead),2,0.8105,0.7686,0.0419,yes,0.4687,0.915,0.001,0.0043,yes,yes,yes,yes,0.4929,2020-2022,339,102,input_ppi,added,1976-01-01,no,,0.5275,survives,co-mover
73,Machinery and Equipment: Miscellaneous Const,WPU112J,CO-MOVER (not a lead),-2,0.8059,0.7859,0.0201,yes,0.2376,0.9124,0.019,0.0331,yes,yes,yes,yes,0.4397,2020-2022,232,86,ppi_machinery,added,2006-12-01,no,,0.7197,survives,co-mover
74,Truck Transportation,PCU484484,CO-MOVER (not a lead),1,0.8043,0.7844,0.0199,yes,0.447,0.9206,0.012,0.0228,yes,yes,yes,yes,0.4764,2020-2022,257,97,freight,added,2004-12-01,no,,0.3495,survives,co-mover
75,Producer Price Index by Commodity: Metals an,WPS107,CO-MOVER (not a lead),1,0.8038,0.7895,0.0143,yes,0.5237,0.8976,0.005,0.0151,yes,yes,yes,yes,0.7066,2020-2022,520,95,input_ppi,added,1968-01-01,no,,0.5754,survives,co-mover
76,Total Manufacturing Industries,PCUOMFGOMFG,CO-MOVER (not a lead),1,0.8015,0.7814,0.0201,yes,0.586,0.896,0.001,0.0043,yes,yes,yes,yes,0.6397,2020-2022,472,91,mfg_price,added,1987-01-01,no,,0.4351,survives,co-mover
77,Metals and Metal Products: Fabricated Struct,WPU107,CO-MOVER (not a lead),2,0.7988,0.7754,0.0234,yes,0.5393,0.8981,0.005,0.0151,yes,yes,yes,yes,0.6898,2020-2022,699,100,ppi_metals,added,1968-01-01,no,,0.5672,survives,co-mover
78,Rubber and Plastic Products,WPU07,CO-MOVER (not a lead),2,0.7951,0.7836,0.0115,yes,0.5971,0.8844,0.004,0.0132,yes,yes,yes,yes,0.7301,2020-2022,699,107,ppi_plastics_rubber,added,1968-01-01,no,,0.5118,survives,co-mover
79,"Metals and Metal Products: Hardware, Not Els",WPU1041,CO-MOVER (not a lead),0,0.7909,0.7909,0.0,yes,0.5868,0.8807,0.003,0.0106,yes,yes,yes,yes,0.6977,2020-2022,701,108,ppi_metals,added,1968-01-01,no,,0.6053,survives,co-mover
80,Chemicals and Allied Products: Prepared Pain,WPU0621,CO-MOVER (not a lead),-1,0.7891,0.7828,0.0063,yes,0.5395,0.8872,0.003,0.0106,yes,yes,yes,yes,0.6941,2020-2022,700,95,ppi_chemicals,added,1968-01-01,no,,0.6532,survives,co-mover
81,Plastic products PPI,WPU072,CO-MOVER (not a lead),2,0.78,0.7588,0.0212,yes,0.5734,0.866,0.001,0.0043,yes,yes,yes,yes,0.7307,2020-2022,651,100,materials,added,1972-01-01,no,,0.5265,survives,co-mover
82,Machinery and Equipment: Agricultural Machin,WPU111,CO-MOVER (not a lead),-2,0.7603,0.7423,0.018,yes,0.5184,0.8646,0.006,0.0151,yes,yes,yes,yes,0.6959,2020-2022,699,88,ppi_machinery,added,1968-01-01,no,,0.6247,survives,co-mover
83,Metals and Metal Products: Hardware,WPU104,CO-MOVER (not a lead),-1,0.7584,0.7551,0.0033,yes,0.5648,0.8563,0.003,0.0106,yes,yes,yes,yes,0.7163,2020-2022,700,93,ppi_metals,added,1968-01-01,no,,0.5827,survives,co-mover
84,Machinery and Equipment: General Purpose Mac,WPU114,CO-MOVER (not a lead),-1,0.7581,0.7498,0.0083,yes,0.5978,0.8504,0.006,0.0151,yes,yes,yes,yes,0.731,1975-1977,700,93,ppi_machinery,added,1968-01-01,no,,0.607,survives,co-mover
85,Chemicals and Allied Products: Paints and Al,WPU062,CO-MOVER (not a lead),0,0.7523,0.7523,0.0,yes,0.539,0.8514,0.005,0.0151,yes,yes,yes,yes,0.7094,2020-2022,645,98,ppi_chemicals,added,1972-01-01,no,,0.5253,survives,co-mover
86,Rubber and Plastic Products: Unsupported Pla,WPU0722,CO-MOVER (not a lead),2,0.7448,0.718,0.0268,yes,0.5341,0.8433,0.001,0.0043,yes,yes,yes,yes,0.7024,1972-1974,651,98,ppi_plastics_rubber,added,1972-01-01,no,,0.4389,survives,co-mover
87,Metals and Metal Products: Foundry and Forge,WPU1015,CO-MOVER (not a lead),-1,0.7408,0.7365,0.0043,yes,0.5676,0.837,0.003,0.0106,yes,yes,yes,yes,0.7268,2020-2022,700,88,ppi_metals,added,1968-01-01,no,,0.5235,survives,co-mover
88,"Coal, Australia",PCOALAUUSDM,CO-MOVER (not a lead),2,0.7354,0.7048,0.0306,yes,0.3541,0.8638,0.001,0.0043,yes,yes,yes,yes,0.4155,2020-2022,399,108,commodity,added,1993-01-01,no,,0.3315,survives,co-mover
89,Metals and Metal Products: Miscellaneous Met,WPU108,CO-MOVER (not a lead),0,0.7321,0.7321,0.0,yes,0.5324,0.8344,0.006,0.0151,yes,yes,yes,yes,0.7035,1975-1977,701,103,ppi_metals,added,1968-01-01,no,,0.4988,survives,co-mover
90,Metals and Metal Products: Metal Containers,WPU103,CO-MOVER (not a lead),0,0.7286,0.7286,0.0,yes,0.4357,0.8505,0.005,0.0151,yes,yes,yes,yes,0.6146,2020-2022,701,107,ppi_metals,added,1968-01-01,no,,0.5352,survives,co-mover
91,Chemicals and Allied Products,WPU06,CO-MOVER (not a lead),2,0.7236,0.6971,0.0265,yes,0.5824,0.8351,0.004,0.0132,yes,yes,yes,yes,0.6694,1972-1974,699,96,ppi_chemicals,added,1968-01-01,no,,0.3131,survives,co-mover
92,Rubber and Plastic Products: Miscellaneous R,WPU0713,CO-MOVER (not a lead),-2,0.7122,0.7007,0.0115,yes,0.5087,0.8246,0.006,0.0151,yes,yes,yes,yes,0.6487,2020-2022,699,89,ppi_plastics_rubber,added,1968-01-01,no,,0.5439,survives,co-mover
93,Chemicals and Allied Products: Industrial Ch,WPU061,CO-MOVER (not a lead),2,0.7099,0.6723,0.0377,yes,0.5485,0.821,0.004,0.0132,yes,yes,yes,yes,0.6587,1972-1974,699,95,ppi_chemicals,added,1968-01-01,no,,0.2818,partly survives,co-mover
94,"2-Year Constant Maturity, Quoted on an Inves",GS2,CO-MOVER (not a lead),-2,0.6975,0.6716,0.0259,yes,0.0387,0.8525,0.007,0.0158,no,yes,yes,no,0.1927,2020-2022,586,100,rates,added,1977-06-01,no,,0.6276,survives,co-mover
95,Machinery and Equipment: Special Industry Ma,WPU116,CO-MOVER (not a lead),-1,0.6954,0.6899,0.0055,yes,0.4521,0.8165,0.001,0.0043,yes,yes,yes,yes,0.652,2020-2022,700,94,ppi_machinery,added,1968-01-01,no,,0.4877,survives,co-mover
96,Metals and Metal Products: Metal Cans and Ca,WPU1031,CO-MOVER (not a lead),-1,0.6948,0.6888,0.0059,yes,0.3754,0.8296,0.003,0.0106,yes,yes,yes,yes,0.5789,2020-2022,700,101,ppi_metals,added,1968-01-01,no,,0.5288,survives,co-mover
97,Chemicals and Allied Products: Agricultural,WPU065,CO-MOVER (not a lead),-1,0.6935,0.6889,0.0046,yes,0.4878,0.8139,0.003,0.0106,yes,yes,yes,yes,0.6505,2020-2022,700,95,ppi_chemicals,added,1968-01-01,no,,0.4496,survives,co-mover
98,Chemicals and Allied Products: Other Chemica,WPU067,CO-MOVER (not a lead),0,0.6898,0.6898,0.0,yes,0.5348,0.8186,0.005,0.0151,yes,yes,yes,yes,0.6588,1975-1977,701,105,ppi_chemicals,added,1968-01-01,no,,0.4695,survives,co-mover
99,"Metals and Metal Products: Barrels, Drums, P",WPU1032,CO-MOVER (not a lead),2,0.6885,0.6694,0.0191,yes,0.3643,0.8387,0.004,0.0132,yes,yes,yes,yes,0.5359,2020-2022,699,112,ppi_metals,added,1968-01-01,no,,0.4307,survives,co-mover
100,Rubber and Plastic Products: Rubber and Rubb,WPU071,CO-MOVER (not a lead),0,0.6885,0.6885,0.0,yes,0.5391,0.8078,0.003,0.0106,yes,yes,yes,yes,0.6532,1972-1974,701,98,ppi_plastics_rubber,added,1968-01-01,no,,0.3536,survives,co-mover
101,Producer Price Index by Commodity: Metals an,WPU101504,CO-MOVER (not a lead),-1,0.6819,0.6767,0.0052,yes,0.5416,0.8247,0.006,0.0151,yes,yes,yes,yes,0.6034,2020-2022,533,102,input_ppi,added,1981-12-01,no,,0.4275,survives,co-mover
102,Machinery and Equipment,WPU11,CO-MOVER (not a lead),-2,0.6671,0.6565,0.0106,yes,0.4632,0.8048,0.006,0.0151,yes,yes,yes,yes,0.6119,1975-1977,699,89,ppi_machinery,added,1968-01-01,no,,0.4952,survives,co-mover
103,Machinery and Equipment: Construction Machin,WPU112,CO-MOVER (not a lead),-2,0.667,0.6436,0.0235,yes,0.4742,0.8096,0.006,0.0151,yes,yes,yes,yes,0.6126,1975-1977,699,91,ppi_machinery,added,1968-01-01,no,,0.5159,survives,co-mover
104,"Unfilled Orders: Electrical Equipment, Appli",A35SUO,CO-MOVER (not a lead),1,0.6546,0.6508,0.0038,yes,0.3919,0.79,0.001,0.0043,yes,yes,yes,yes,0.5324,2020-2022,400,125,orders,added,1993-01-01,no,,0.4741,survives,co-mover
105,"Rubber and Plastic Products: Tires, Tubes, T",WPU0712,CO-MOVER (not a lead),-1,0.6383,0.6382,0.0001,yes,0.4873,0.7549,0.003,0.0106,yes,yes,yes,yes,0.6061,1972-1974,700,101,ppi_plastics_rubber,added,1968-01-01,no,,0.3805,survives,co-mover
106,Metals and Metal Products: Nonferrous Foundr,WPU1028,CO-MOVER (not a lead),1,0.6321,0.628,0.0041,yes,0.4511,0.775,0.009,0.0185,yes,yes,yes,yes,0.5716,2020-2022,575,120,ppi_metals,added,1978-06-01,no,,0.2504,partly survives,co-mover
107,Machinery and Equipment: Metalworking Machin,WPU113,CO-MOVER (not a lead),-1,0.6303,0.6243,0.006,yes,0.426,0.7944,0.003,0.0106,yes,yes,yes,yes,0.5789,1975-1977,700,98,ppi_machinery,added,1968-01-01,no,,0.4096,survives,co-mover
108,Producer Price Index by Commodity: Metals an,WPS105,CO-MOVER (not a lead),0,0.6255,0.6255,0.0,yes,0.435,0.7847,0.006,0.0151,yes,yes,yes,yes,0.573,1972-1974,677,105,input_ppi,added,1968-01-01,no,,0.3529,survives,co-mover
109,Metals and Metal Products: Plumbing Fixtures,WPU105,CO-MOVER (not a lead),1,0.6245,0.6238,0.0007,yes,0.4257,0.7945,0.006,0.0151,yes,yes,yes,yes,0.5577,1972-1974,700,117,ppi_metals,added,1968-01-01,no,,0.3394,survives,co-mover
110,Rubber and Plastic Products: Laminated Plast,WPU0723,CO-MOVER (not a lead),0,0.6123,0.6123,0.0,yes,0.3358,0.747,0.001,0.0043,yes,yes,yes,yes,0.5473,1972-1974,647,110,ppi_plastics_rubber,added,1972-01-01,no,,0.4223,survives,co-mover
111,Market Yield on U.S. Treasury Securities at,GS3,CO-MOVER (not a lead),-1,0.6085,0.6021,0.0064,yes,0.0698,0.8207,0.003,0.0106,no,yes,yes,no,0.1308,2020-2022,700,106,rates,added,1968-01-01,no,,0.4943,survives,co-mover
112,Producer Price Index by Industry: Electric P,PCU22112222112242,CO-MOVER (not a lead),-1,0.6072,0.6049,0.0023,yes,0.4235,0.7465,0.001,0.0043,yes,yes,yes,yes,0.572,1975-1977,700,100,grid_datacenter,added,1968-01-01,no,,0.3829,survives,co-mover
113,Producer Price Index by Commodity: Fuels and,WPU0542,CO-MOVER (not a lead),-1,0.607,0.6052,0.0018,yes,0.4234,0.7468,0.001,0.0043,yes,yes,yes,yes,0.5718,1975-1977,700,100,grid_datacenter,added,1968-01-01,no,,0.3827,survives,co-mover
114,Electric power PPI,WPU054,CO-MOVER (not a lead),-1,0.6041,0.6026,0.0015,yes,0.4151,0.7665,0.001,0.0043,yes,yes,yes,yes,0.5585,1975-1977,700,98,energy,added,1968-01-01,no,,0.3711,survives,co-mover
115,Manufacturers' Unfilled Orders: Fabricated M,A32SUO,CO-MOVER (not a lead),4,0.6008,0.5528,0.0481,yes,0.3116,0.7765,0.001,0.0043,yes,yes,yes,yes,0.4533,2020-2022,397,132,orders,added,1993-01-01,no,,0.2651,partly survives,co-mover
116,Electrical machinery & equip. PPI,WPU117,CO-MOVER (not a lead),-1,0.5949,0.5902,0.0047,yes,0.378,0.7715,0.007,0.0158,yes,yes,yes,yes,0.5356,1975-1977,700,103,downstream,starter,1968-01-01,no,,0.3924,survives,co-mover
117,Iron ores PPI,WPU1011,CO-MOVER (not a lead),0,0.5945,0.5945,0.0,yes,0.415,0.7295,0.003,0.0106,yes,yes,yes,yes,0.5601,1975-1977,701,117,steel,added,1968-01-01,no,,0.3614,survives,co-mover
118,Producer Price Index by Commodity: Fuels and,WPU0543,CO-MOVER (not a lead),0,0.58,0.58,0.0,yes,0.3744,0.7663,0.003,0.0106,no,yes,no,yes,0.5239,1972-1974,701,110,grid_datacenter,added,1968-01-01,no,,0.3091,survives,co-mover
119,Producer Price Index by Industry: Electric P,PCU22112222112243,CO-MOVER (not a lead),0,0.5798,0.5798,0.0,yes,0.3751,0.7671,0.003,0.0106,no,yes,no,yes,0.5233,1972-1974,701,110,grid_datacenter,added,1968-01-01,no,,0.3071,survives,co-mover
120,Metals and Metal Products: Hand and Edge Too,WPU1042,CO-MOVER (not a lead),-2,0.5762,0.5594,0.0169,yes,0.3425,0.776,0.007,0.0158,yes,yes,yes,yes,0.49,1975-1977,699,95,ppi_metals,added,1968-01-01,no,,0.4116,survives,co-mover
121,Fuels and Related Products and Power: Coal,WPU051,CO-MOVER (not a lead),-1,0.5717,0.5613,0.0104,yes,0.212,0.7446,0.003,0.0106,yes,yes,yes,yes,0.4909,2020-2022,700,107,ppi_fuels_power,added,1968-01-01,no,,0.4054,survives,co-mover
122,Fuels and Related Products and Power: Coal,WPU0513,CO-MOVER (not a lead),-1,0.5717,0.5613,0.0104,yes,0.212,0.7446,0.003,0.0106,yes,yes,yes,yes,0.4909,2020-2022,700,107,ppi_fuels_power,added,1968-01-01,no,,0.4054,survives,co-mover
123,Market Yield on U.S. Treasury Securities at,GS5,CO-MOVER (not a lead),1,0.5633,0.5599,0.0035,yes,0.1429,0.7725,0.004,0.0132,no,yes,yes,no,0.1849,2020-2022,700,114,rates,added,1968-01-01,no,,0.3729,survives,co-mover
124,Fuels and Related Products and Power: Bitumi,WPU0512,CO-MOVER (not a lead),-1,0.5548,0.5451,0.0097,yes,0.1283,0.6946,0.001,0.0043,yes,yes,yes,yes,0.4661,2020-2022,659,107,ppi_fuels_power,added,1968-01-01,no,,0.3824,survives,co-mover
125,"Manufacturers' Unfilled Orders: Ventilation,",A33HUO,CO-MOVER (not a lead),3,0.5495,0.535,0.0145,yes,0.3186,0.6979,0.019,0.0331,yes,yes,yes,yes,0.4566,2020-2022,398,132,orders,added,1993-01-01,no,,0.3438,survives,co-mover
126,Chemicals and Allied Products: Paint Materia,WPU0622,CO-MOVER (not a lead),0,0.5414,0.5414,0.0,yes,0.3438,0.7143,0.003,0.0106,no,yes,no,yes,0.4755,1972-1974,701,114,ppi_chemicals,added,1968-01-01,no,,0.2064,partly survives,co-mover
127,Producer Price Index by Commodity for Metals,WPU1016,CO-MOVER (not a lead),0,0.5397,0.5397,0.0,yes,0.1887,0.7617,0.001,0.0043,yes,yes,yes,yes,0.4506,1972-1974,585,111,ppi_metals,added,1968-01-01,no,,0.2788,partly survives,co-mover
128,Producer Price Index by Industry: Scheduled,PCU481111481111,CO-MOVER (not a lead),-2,0.5397,0.5011,0.0387,yes,0.1907,0.745,0.001,0.0043,yes,yes,yes,yes,0.3548,2020-2022,424,101,freight,added,1990-12-01,no,,0.2841,partly survives,co-mover
129,Market Yield on U.S. Treasury Securities at,GS7,CO-MOVER (not a lead),2,0.5374,0.5286,0.0088,yes,0.2217,0.7191,0.003,0.0106,no,yes,yes,no,0.2499,2020-2022,669,117,rates,added,1970-07-01,no,,0.3257,survives,co-mover
130,Metals and Metal Products: Nonferrous Forge,WPU1027,CO-MOVER (not a lead),-2,0.5219,0.5113,0.0106,yes,0.2732,0.7242,0.012,0.0228,yes,yes,yes,yes,0.3667,2020-2022,496,101,ppi_metals,added,1984-12-01,no,,0.4653,survives,co-mover
131,Unfilled Orders: Total Manufacturing,AMTMUO,CO-MOVER (not a lead),-1,0.4873,0.4832,0.004,yes,0.3096,0.6885,0.007,0.0158,no,yes,no,yes,0.3797,2005-2007,400,109,orders,added,1993-01-01,no,,0.2686,partly survives,co-mover
132,10-Year Treasury yield,GS10,CO-MOVER (not a lead),2,0.4801,0.4689,0.0112,yes,0.2164,0.6331,0.006,0.0151,no,yes,yes,no,0.2478,2020-2022,699,117,financial,added,1968-01-01,no,,0.2312,partly survives,co-mover
133,"Import Price Index (End Use): Durables, Manu",IR41,CO-MOVER (not a lead),2,0.4747,0.4655,0.0092,yes,0.2396,0.7562,0.007,0.0158,yes,yes,yes,yes,0.3631,2020-2022,442,125,import,added,1980-09-01,no,,0.2427,partly survives,co-mover
134,Producer Price Index by Industry: Scheduled,PCU4811114811111,CO-MOVER (not a lead),-2,0.4725,0.4451,0.0274,yes,0.13,0.6933,0.001,0.0043,no,yes,yes,no,0.277,2020-2022,424,101,freight,added,1990-12-01,no,,0.2135,partly survives,co-mover
135,Aaa Corporate Bond Yield,AAA,CO-MOVER (not a lead),-1,0.4632,0.4541,0.0091,yes,0.1947,0.6333,0.006,0.0151,no,yes,yes,no,0.294,2020-2022,700,95,credit,added,1968-01-01,no,,0.2589,partly survives,co-mover
136,Machinery and Equipment: Electronic Computer,WPU115,CO-MOVER (not a lead),-1,0.4178,0.416,0.0017,yes,0.0606,0.6474,0.016,0.0284,no,yes,yes,no,0.1874,2020-2022,413,108,ppi_machinery,added,1991-12-01,no,,0.328,survives,co-mover
137,Global nickel price,PNICKUSDM,CO-MOVER (not a lead),2,0.4124,0.3927,0.0197,yes,0.2117,0.6011,0.001,0.0043,yes,yes,yes,yes,0.3396,2005-2007,399,128,nickel,starter,1993-01-01,no,,0.2325,partly survives,co-mover
138,"Natural Gas, US Henry Hub Gas",PNGASUSUSDM,CO-MOVER (not a lead),2,0.3282,0.315,0.0133,yes,0.0313,0.5922,0.007,0.0158,no,yes,yes,no,0.08,2020-2022,399,125,commodity,added,1993-01-01,no,,-0.2673,not cycle-driven (weak on its own),co-mover
139,"Manufacturers' Unfilled Orders: Mining, Oil,",A33DUO,CO-MOVER (not a lead),2,0.3147,0.3069,0.0078,yes,0.1262,0.5718,0.6523,0.6818,no,yes,yes,no,0.187,2005-2007,399,130,orders,added,1993-01-01,no,,0.1835,not cycle-driven (weak on its own),co-mover
140,Authorized in Permit-Issuing Places: Total U,PERMIT,CO-MOVER (not a lead),-2,-0.314,-0.31,0.004,yes,-0.4954,-0.1501,0.1429,0.2062,no,yes,yes,no,-0.2744,1972-1974,699,0,construction,added,1968-01-01,no,,-0.2494,partly survives,co-mover
141,Current Unfilled Orders; Percent Reporting D,UOCDNA156MNFRBPHI,CO-MOVER (not a lead),-2,0.3133,0.2997,0.0136,yes,0.1235,0.4861,0.006,0.0151,no,yes,yes,no,0.2638,2020-2022,683,101,orders,added,1969-05-01,no,,0.2258,partly survives,co-mover
142,New Privately-Owned Housing Units Authorized,PERMITNSA,CO-MOVER (not a lead),-2,-0.3108,-0.3077,0.0031,yes,-0.4877,-0.147,0.1329,0.1939,no,yes,yes,no,-0.2715,1972-1974,699,0,construction,added,1968-01-01,no,,-0.2481,partly survives,co-mover
143,Started: Total Units,HOUST,CO-MOVER (not a lead),-2,-0.3051,-0.2941,0.011,yes,-0.4796,-0.1435,0.0969,0.1457,no,yes,yes,no,-0.2668,1972-1974,699,0,construction,added,1968-01-01,no,,-0.252,partly survives,co-mover
144,Transportation Services: Truck Transportatio,WPU3012,CO-MOVER (cycle-driven),2,0.8143,0.7847,0.0296,yes,0.255,0.9434,0.015,0.0272,no,yes,yes,no,0.2869,2020-2022,190,95,freight,added,2010-06-01,yes,sample starts 2010-06-01 (after 2010-01-01) | no long confirmed series measures the same force,0.1871,cycle-driven,co-mover
145,Import Price Index (End Use): Agricultural P,IR12,CO-MOVER (cycle-driven),1,0.7009,0.6892,0.0117,yes,0.4461,0.839,0.006,0.0151,yes,yes,yes,yes,0.5101,2020-2022,425,92,import,added,1985-03-01,no,,0.1043,cycle-driven,co-mover
146,Import Price Index (End Use): Iron and Steel,IR151,CO-MOVER (cycle-driven),2,0.6325,0.6109,0.0216,yes,0.3126,0.8115,0.006,0.0151,yes,yes,yes,yes,0.388,2020-2022,428,109,import,added,1981-12-01,no,,0.1053,cycle-driven,co-mover
147,Chemicals and Allied Products: Basic Organic,WPU0614,CO-MOVER (cycle-driven),2,0.6248,0.5758,0.049,yes,0.4206,0.7288,0.001,0.0043,yes,yes,yes,yes,0.5943,1975-1977,616,100,ppi_chemicals,added,1974-12-01,no,,0.0151,cycle-driven,co-mover
148,Producer Price Index by Industry: Couriers a,PCU4921104921102,CO-MOVER (cycle-driven),0,0.6198,0.6198,0.0,yes,0.4754,0.7564,0.008,0.0167,yes,yes,yes,yes,0.5486,2020-2022,450,108,freight,added,1988-12-01,no,,0.1376,cycle-driven,co-mover
149,Import Price Index (End Use): All Commoditie,IR,CO-MOVER (cycle-driven),2,0.596,0.5542,0.0419,yes,0.4891,0.7164,0.006,0.0151,yes,yes,yes,yes,0.5638,2014-2016,460,104,import,added,1983-09-01,no,,-0.2748,cycle-driven,co-mover
150,Manufacturers' Unfilled Orders: Construction,A33CUO,CO-MOVER (cycle-driven),2,0.5323,0.5169,0.0154,yes,0.3466,0.7041,0.1738,0.242,yes,yes,yes,yes,0.4523,2020-2022,399,128,orders,added,1993-01-01,no,,0.1627,cycle-driven,co-mover
151,Fuels and Related Products and Power: Asphal,WPU058,CO-MOVER (cycle-driven),0,0.5077,0.5077,0.0,yes,0.3816,0.6615,0.006,0.0151,yes,yes,yes,yes,0.4677,2020-2022,486,118,ppi_fuels_power,added,1985-12-01,no,,0.0902,cycle-driven,co-mover
152,Producer Price Index by Industry: Deep Sea F,PCU483111483111,CO-MOVER (cycle-driven),-1,0.5068,0.4953,0.0115,yes,0.087,0.7274,0.008,0.0167,no,yes,no,no,0.2133,2020-2022,443,107,freight,added,1989-06-01,no,,0.1668,cycle-driven,co-mover
153,Producer Price Index by Industry: Deep Sea F,PCU4831114831115,CO-MOVER (cycle-driven),-1,0.499,0.4878,0.0112,yes,0.0831,0.7225,0.008,0.0167,no,yes,no,no,0.2064,2020-2022,443,107,freight,added,1989-06-01,no,,0.1598,cycle-driven,co-mover
154,Producer Price Index by Industry: Deep Sea F,PCU483111483111P,CO-MOVER (cycle-driven),-1,0.499,0.4878,0.0112,yes,0.0831,0.7225,0.008,0.0167,no,yes,no,no,0.2064,2020-2022,443,107,freight,added,1989-06-01,no,,0.1598,cycle-driven,co-mover
155,New orders: electrical equipment,A35SNO,CO-MOVER (cycle-driven),1,0.4976,0.4756,0.022,yes,0.3382,0.6313,0.007,0.0158,yes,yes,yes,yes,0.3869,2020-2022,399,122,demand,added,1993-02-01,no,,0.0908,cycle-driven,co-mover
156,Producer Price Index by Commodity: Metals an,WPS1028,CO-MOVER (cycle-driven),0,0.4932,0.4932,0.0,yes,0.1535,0.7222,0.004,0.0132,yes,yes,yes,yes,0.3517,2022-2022,365,109,input_ppi,added,1979-01-01,no,,-0.0098,cycle-driven,co-mover
157,Producer Price Index by Commodity: Metals an,WPS1054,CO-MOVER (cycle-driven),-1,0.4898,0.4849,0.005,yes,0.3706,0.6461,0.01,0.0196,yes,yes,yes,yes,0.4573,2014-2016,508,107,input_ppi,added,1976-01-01,no,,0.1936,cycle-driven,co-mover
158,Steel wire PPI,WPU101705,CO-MOVER (cycle-driven),2,0.4846,0.4692,0.0153,yes,0.2941,0.8599,0.001,0.0043,yes,yes,yes,yes,0.3119,2020-2022,502,124,steel,added,1983-06-01,no,,0.1558,cycle-driven,co-mover
159,Rubber and Plastic Products: Synthetic Rubbe,WPU0711,CO-MOVER (cycle-driven),2,0.4818,0.4721,0.0097,yes,0.3377,0.6117,0.005,0.0151,yes,yes,yes,yes,0.4347,1972-1974,699,126,ppi_plastics_rubber,added,1968-01-01,no,,-0.0991,cycle-driven,co-mover
160,10-Year Expected Inflation,EXPINF10YR,CO-MOVER (cycle-driven),2,0.4604,0.4439,0.0165,yes,0.167,0.6448,0.005,0.0151,no,yes,yes,no,0.2042,2020-2022,519,116,expectations,added,1983-01-01,no,,0.1719,cycle-driven,co-mover
161,"Import Price Index (End Use): Foods, Feeds,",IR0,CO-MOVER (cycle-driven),3,0.4558,0.4239,0.0319,yes,0.2989,0.6253,0.007,0.0158,yes,yes,yes,yes,0.3871,2020-2022,480,129,import,added,1978-09-01,no,,0.0397,cycle-driven,co-mover
162,11-Year Expected Inflation,EXPINF11YR,CO-MOVER (cycle-driven),2,0.4527,0.4369,0.0157,yes,0.1629,0.6361,0.006,0.0151,no,yes,yes,no,0.2001,2020-2022,519,116,expectations,added,1983-01-01,no,,0.1691,cycle-driven,co-mover
163,Market Yield on U.S. Treasury Securities at,GS20,CO-MOVER (cycle-driven),2,0.4506,0.4369,0.0137,yes,0.2406,0.5764,0.007,0.0158,no,yes,yes,no,0.2737,2020-2022,606,117,rates,added,1968-01-01,no,,0.1768,cycle-driven,co-mover
164,12-Year Expected Inflation,EXPINF12YR,CO-MOVER (cycle-driven),2,0.4455,0.4304,0.0151,yes,0.1586,0.6283,0.006,0.0151,no,yes,yes,no,0.1966,2020-2022,519,116,expectations,added,1983-01-01,no,,0.1664,cycle-driven,co-mover
165,1-Year Expected Inflation,EXPINF1YR,CO-MOVER (cycle-driven),2,0.4403,0.3969,0.0435,yes,0.251,0.5901,0.006,0.0151,no,yes,yes,no,0.2844,2020-2022,519,120,expectations,added,1983-01-01,no,,-0.007,cycle-driven,co-mover
166,13-Year Expected Inflation,EXPINF13YR,CO-MOVER (cycle-driven),2,0.439,0.4244,0.0146,yes,0.1549,0.6211,0.006,0.0151,no,yes,yes,no,0.1935,2020-2022,519,116,expectations,added,1983-01-01,no,,0.1637,cycle-driven,co-mover
167,"Import Price Index (End Use): Fuels, N.e.s.",IR101,CO-MOVER (cycle-driven),2,0.4368,0.4153,0.0215,yes,0.0621,0.674,0.003,0.0106,no,yes,yes,no,0.1552,2020-2022,424,125,import,added,1982-09-01,no,,-0.196,cycle-driven,co-mover
168,14-Year Expected Inflation,EXPINF14YR,CO-MOVER (cycle-driven),2,0.4329,0.4187,0.0142,yes,0.1518,0.616,0.006,0.0151,no,yes,yes,no,0.1909,2020-2022,519,116,expectations,added,1983-01-01,no,,0.1613,cycle-driven,co-mover
169,15-Year Expected Inflation,EXPINF15YR,CO-MOVER (cycle-driven),2,0.4272,0.4134,0.0138,yes,0.1496,0.6107,0.006,0.0151,no,yes,yes,no,0.1886,2020-2022,519,116,expectations,added,1983-01-01,no,,0.1589,cycle-driven,co-mover
170,"Import Price Index (End Use): Furniture, Hou",IR41000,CO-MOVER (cycle-driven),0,0.4221,0.4221,0.0,yes,0.1849,0.6241,0.2288,0.2936,no,yes,yes,no,0.2727,2020-2022,432,117,import,added,1981-03-01,no,,0.165,cycle-driven,co-mover
171,16-Year Expected Inflation,EXPINF16YR,CO-MOVER (cycle-driven),2,0.4219,0.4084,0.0135,yes,0.147,0.6057,0.006,0.0151,no,yes,yes,no,0.1866,2020-2022,519,116,expectations,added,1983-01-01,no,,0.1567,cycle-driven,co-mover
172,New Orders: Nondefense Capital Goods Excludi,NEWORDER,CO-MOVER (cycle-driven),3,0.4206,0.3805,0.0402,yes,0.2883,0.565,0.018,0.0318,yes,yes,yes,yes,0.3901,2014-2016,397,123,orders,added,1993-02-01,no,,-0.0839,cycle-driven,co-mover
173,Import Price Index (End Use): Natural Gas,IR10110,CO-MOVER (cycle-driven),2,0.417,0.395,0.022,yes,0.0445,0.654,0.001,0.0043,no,yes,yes,no,0.1449,2020-2022,416,125,import,added,1982-09-01,no,,-0.1939,cycle-driven,co-mover
174,17-Year Expected Inflation,EXPINF17YR,CO-MOVER (cycle-driven),2,0.417,0.4037,0.0133,yes,0.144,0.601,0.006,0.0151,no,yes,yes,no,0.1847,2020-2022,519,116,expectations,added,1983-01-01,no,,0.1547,cycle-driven,co-mover
175,18-Year Expected Inflation,EXPINF18YR,CO-MOVER (cycle-driven),2,0.4124,0.3993,0.0131,yes,0.1424,0.5973,0.006,0.0151,no,yes,yes,no,0.1831,2020-2022,519,116,expectations,added,1983-01-01,no,,0.1528,cycle-driven,co-mover
176,New Orders: Machinery,A33SNO,CO-MOVER (cycle-driven),3,0.4089,0.3651,0.0438,yes,0.2889,0.5729,0.1778,0.2458,yes,yes,yes,yes,0.3825,2014-2016,397,124,orders,added,1993-02-01,no,,-0.1488,cycle-driven,co-mover
177,Import Price Index (End Use): Paper and Pape,IR11,CO-MOVER (cycle-driven),-1,0.4089,0.4078,0.0011,yes,0.2455,0.6176,0.1319,0.1931,yes,yes,yes,yes,0.3382,2020-2022,439,109,import,added,1981-12-01,no,,0.139,cycle-driven,co-mover
178,19-Year Expected Inflation,EXPINF19YR,CO-MOVER (cycle-driven),2,0.408,0.3951,0.0129,yes,0.1407,0.593,0.006,0.0151,no,yes,yes,no,0.1816,2020-2022,519,116,expectations,added,1983-01-01,no,,0.151,cycle-driven,co-mover
179,Import Price Index (End Use): Automotive Par,IR302NAPT,CO-MOVER (cycle-driven),0,0.3988,0.3988,0.0,yes,0.1795,0.6302,0.2537,0.3184,no,yes,yes,no,0.2969,2020-2022,421,117,import,added,1983-12-01,no,,0.1599,cycle-driven,co-mover
180,Fuels and Related Products and Power: Utilit,WPU055,CO-MOVER (cycle-driven),1,0.3968,0.3915,0.0053,yes,0.0413,0.6784,0.006,0.0151,no,yes,yes,no,0.1509,2020-2022,413,120,ppi_fuels_power,added,1991-12-01,no,,-0.2306,cycle-driven,co-mover
181,Metals and Metal Products: Vitreous China Pl,WPU1052,CO-MOVER (cycle-driven),0,0.3883,0.3883,0.0,yes,-0.0526,0.6634,0.005,0.0151,no,yes,no,no,0.2908,1972-1974,549,116,ppi_metals,added,1968-01-01,no,,0.1753,cycle-driven,co-mover
182,Natural gas PPI,WPU0531,CO-MOVER (cycle-driven),3,0.3801,0.3514,0.0287,yes,0.1062,0.5969,0.001,0.0043,no,yes,yes,no,0.1657,2020-2022,698,127,energy,added,1968-01-01,no,,-0.0989,cycle-driven,co-mover
183,Primary Metal Manufacturing,CES3133100001,CO-MOVER (cycle-driven),-2,0.3552,0.3403,0.0149,yes,0.2,0.488,0.1918,0.2606,yes,yes,yes,yes,0.3027,2020-2022,423,101,employment,added,1991-01-01,no,,0.1113,cycle-driven,co-mover
184,Import Price Index (End Use): Nonelectrical,IR21,CO-MOVER (cycle-driven),2,0.3348,0.3298,0.005,yes,0.1208,0.5419,0.3377,0.4019,no,yes,yes,no,0.2248,2020-2022,443,129,import,added,1980-06-01,no,,0.1352,cycle-driven,co-mover
185,"Import Price Index (End Use): Green Coffee,",IR000,CO-MOVER (cycle-driven),2,0.3335,0.3146,0.019,yes,0.1769,0.5176,0.1678,0.237,no,yes,yes,no,0.2607,2020-2022,423,129,import,added,1983-03-01,no,,0.1115,cycle-driven,co-mover
186,Employment: electrical-equip mfg,CES3133500001,CO-MOVER (cycle-driven),-2,0.3221,0.3152,0.0069,yes,0.0995,0.4651,0.3027,0.3692,no,yes,yes,no,0.2178,2020-2022,423,101,macro,added,1991-01-01,no,,0.1494,cycle-driven,co-mover
187,Import Price Index (End Use): Meat Products,IR00100,CO-MOVER (cycle-driven),2,0.3036,0.2701,0.0335,yes,0.0625,0.5262,0.2118,0.2763,no,yes,yes,no,0.2289,2020-2022,428,130,import,added,1981-12-01,no,,-0.1184,cycle-driven,co-mover
188,Import Price Index (End Use): Fruits and Fro,IR00120,CO-MOVER (cycle-driven),2,0.3026,0.2846,0.018,yes,0.1192,0.4751,0.001,0.0043,no,yes,yes,no,0.2363,2020-2022,428,130,import,added,1981-12-01,no,,0.0218,cycle-driven,co-mover
189,Machinery and Equipment: Agricultural Machin,WPU1114,REVERSED,-3,0.8627,0.8194,0.0433,no,0.5066,0.953,0.016,0.0284,yes,yes,yes,yes,0.6254,2020-2022,267,80,ppi_machinery,added,2003-12-01,no,,0.8031,survives,lags
190,Fuels and Related Products and Power: Reside,WPU0541,REVERSED,-6,0.731,0.5946,0.1364,no,0.4243,0.8684,0.019,0.0331,yes,yes,yes,yes,0.5996,2020-2022,408,15,ppi_fuels_power,added,1991-12-01,no,,0.6827,survives,lags
191,Producer Price Index by Industry: Refined Pe,PCU4869104869101,REVERSED,-18,0.7163,0.0414,0.6749,no,0.4646,0.837,0.001,0.0043,yes,yes,yes,yes,0.5801,2023-2025,353,0,freight,added,1995-07-01,no,,0.7005,survives,lags
192,Producer Price Index by Industry: Refined Pe,PCU486910486910P,REVERSED,-18,0.7163,0.0419,0.6744,no,0.4641,0.8368,0.001,0.0043,yes,yes,yes,yes,0.5808,2023-2025,353,0,freight,added,1995-07-01,no,,0.7006,survives,lags
193,"Machinery and Equipment: Mixers, Pavers, and",WPU112C,REVERSED,-4,0.7029,0.6705,0.0324,no,0.4493,0.8206,0.008,0.0167,yes,yes,yes,yes,0.6092,2020-2022,697,69,ppi_machinery,added,1968-01-01,no,,0.6141,survives,lags
194,Chemicals and Allied Products: Basic Inorgan,WPU0613,REVERSED,-3,0.6866,0.6402,0.0464,no,0.5476,0.7716,0.001,0.0043,yes,yes,yes,yes,0.6345,1975-1977,615,89,ppi_chemicals,added,1974-12-01,no,,0.5907,survives,lags
195,Machinery and Equipment: Tractors and Attach,WPU112A,REVERSED,-7,0.6765,0.5188,0.1577,no,0.3048,0.8114,0.026,0.0439,yes,yes,yes,yes,0.5697,2020-2022,299,0,ppi_machinery,added,2000-12-01,no,,0.658,survives,lags
196,Fuels and Related Products and Power: Anthra,WPU0511,REVERSED,-3,0.663,0.6205,0.0424,no,0.3884,0.8138,0.008,0.0167,yes,yes,yes,yes,0.588,1975-1977,657,90,ppi_fuels_power,added,1968-01-01,no,,0.5482,survives,lags
197,Machinery and Equipment: Miscellaneous Machi,WPU119,REVERSED,-3,0.6585,0.6144,0.0441,no,0.502,0.8218,0.007,0.0158,yes,yes,yes,yes,0.5868,1975-1977,698,85,ppi_machinery,added,1968-01-01,no,,0.531,survives,lags
198,Producer Price Index by Industry: Refined Pe,PCU486910486910,REVERSED,-18,0.6565,0.0727,0.5838,no,0.3593,0.8047,0.001,0.0043,yes,yes,yes,yes,0.4719,2023-2025,450,0,freight,added,1987-06-01,no,,0.6526,survives,lags
199,Manufacturing,TLMFGCONS,REVERSED,-10,0.6538,0.3043,0.3494,no,0.2484,0.8386,0.02,0.0345,yes,yes,yes,yes,0.534,2023-2025,271,0,construction,added,2003-01-01,no,,0.6625,survives,lags
200,Producer Price Index by Industry: Scheduled,PCU4811114811112,REVERSED,-3,0.6276,0.5612,0.0664,no,0.3828,0.788,0.001,0.0043,yes,yes,yes,yes,0.5037,2020-2022,302,93,freight,added,2001-01-01,no,,0.441,survives,lags
201,Producer Price Index by Commodity: Metals an,WPU101506,REVERSED,-3,0.6165,0.5793,0.0372,no,0.2605,0.8133,0.001,0.0043,yes,yes,yes,yes,0.4472,2020-2022,521,93,input_ppi,added,1982-06-01,no,,0.5523,survives,lags
202,"Machinery and Equipment: Power Cranes, Dragl",WPU112B,REVERSED,-9,0.6086,0.4419,0.1666,no,0.0786,0.8296,0.001,0.0043,yes,yes,yes,yes,0.4553,2023-2025,297,0,ppi_machinery,added,2000-12-01,no,,0.5959,survives,lags
203,Nonresidential,TLNRESCONS,REVERSED,-10,0.6006,0.2628,0.3378,no,0.2173,0.7777,0.001,0.0043,yes,yes,yes,yes,0.4908,2023-2025,271,0,construction,added,2003-01-01,no,,0.6142,survives,lags
204,Machinery and Equipment: Miscellaneous Instr,WPU118,REVERSED,-10,0.5982,0.407,0.1912,no,0.1884,0.8027,0.02,0.0345,yes,yes,yes,yes,0.4957,2020-2022,530,0,ppi_machinery,added,1981-06-01,no,,0.6042,survives,lags
205,"Machinery and Equipment: Off-Highway, Equipm",WPU112D,REVERSED,-10,0.586,0.3318,0.2542,no,0.1632,0.8043,0.001,0.0043,yes,yes,yes,yes,0.4387,2023-2025,296,0,ppi_machinery,added,2000-12-01,no,,0.5833,survives,lags
206,Producer Price Index by Commodity: Metals an,WPU101502,REVERSED,-3,0.5816,0.5535,0.0281,no,0.3675,0.7381,0.001,0.0043,yes,yes,yes,yes,0.4593,2020-2022,531,92,input_ppi,added,1981-12-01,no,,0.4222,survives,lags
207,30-Year Fixed Rate Mortgage Average,MORTGAGE30US,REVERSED,-3,0.564,0.5217,0.0422,no,0.2171,0.759,0.008,0.0167,yes,yes,yes,yes,0.3251,2020-2022,647,79,rates,added,1972-04-01,no,,0.4286,survives,lags
208,Current Delivery Time,DTCDISA066MSFRBNY,REVERSED,-10,-0.5475,-0.0251,0.5225,no,-0.7279,-0.1844,0.043,0.0705,yes,yes,yes,yes,-0.4567,2023-2025,277,0,regionalfed_current,added,2002-07-01,no,,-0.5983,survives,lags
209,"1-Year Constant Maturity, Quoted on an Inves",GS1,REVERSED,-3,0.5465,0.4888,0.0577,no,-0.1286,0.7528,0.001,0.0043,no,yes,yes,no,0.0859,2020-2022,698,93,rates,added,1968-01-01,no,,0.5011,survives,lags
210,Producer Price Index by Commodity: Metals an,WPU101505,REVERSED,-3,0.5359,0.3784,0.1575,no,0.344,0.6892,0.001,0.0043,yes,yes,yes,yes,0.4214,2008-2010,482,93,input_ppi,added,1982-06-01,no,,0.371,survives,lags
211,Producer Price Index by Commodity: Metals an,WPU10150501,REVERSED,-3,0.5359,0.3784,0.1575,no,0.344,0.6892,0.001,0.0043,yes,yes,yes,yes,0.4214,2008-2010,482,93,input_ppi,added,1982-06-01,no,,0.371,survives,lags
212,Baa Corporate Bond Yield,BAA,REVERSED,-5,0.5338,0.4429,0.0909,no,0.2099,0.7201,0.008,0.0167,yes,yes,yes,yes,0.372,2020-2022,696,29,credit,added,1968-01-01,no,,0.4564,survives,lags
213,Finished lubricants PPI,WPU0576,REVERSED,-3,0.5315,0.505,0.0265,no,0.4402,0.6691,0.008,0.0167,yes,yes,yes,yes,0.5078,2014-2016,611,92,energy,added,1975-04-01,no,,0.3119,survives,lags
214,Federal Funds Effective Rate,FEDFUNDS,REVERSED,-7,0.5273,0.2963,0.231,no,-0.1881,0.7313,0.001,0.0043,yes,yes,yes,yes,0.3337,2020-2022,694,0,rates,added,1968-01-01,no,,0.5229,survives,lags
215,Total Public Construction Spending: Power,PBPWRCONS,REVERSED,-13,0.5242,0.0823,0.4419,no,0.1868,0.702,0.001,0.0043,yes,yes,yes,yes,0.3166,2023-2025,268,0,construction,added,2003-01-01,no,,0.321,survives,lags
216,"10-Year Constant Maturity, Quoted on an Inve",DFII10,REVERSED,-7,0.5239,0.2883,0.2357,no,-0.0124,0.7774,0.033,0.0553,yes,yes,yes,yes,0.3216,2020-2022,262,0,rates,added,2004-01-01,no,,0.5436,survives,lags
217,Producer Price Index by Commodity: Metals an,WPU10150211,REVERSED,-3,0.5197,0.4867,0.033,no,0.4005,0.6679,0.004,0.0132,no,yes,no,yes,0.4752,2020-2022,494,93,input_ppi,added,1982-01-01,no,,0.3558,survives,lags
218,"3-Month Treasury Bill Secondary Market Rate,",TB3MS,REVERSED,-5,0.5087,0.3879,0.1208,no,-0.217,0.731,0.001,0.0043,no,yes,yes,no,0.0841,2020-2022,696,29,rates,added,1968-01-01,no,,0.4906,survives,lags
219,Residential,TLRESCONS,REVERSED,-14,-0.4858,0.0173,0.4684,no,-0.7221,-0.3448,0.0659,0.1065,yes,yes,yes,yes,-0.4523,2005-2007,267,0,construction,added,2003-01-01,no,,-0.4902,survives,lags
220,Oil and Gas Extraction,CES1021100001,REVERSED,-7,0.4705,0.3574,0.1131,no,0.3599,0.6145,0.001,0.0043,yes,yes,yes,yes,0.4392,2005-2007,634,0,employment,added,1973-01-01,no,,0.4145,survives,lags
221,Import: Zinc,IR14260,REVERSED,-17,-0.4572,0.36,0.0972,no,-0.662,-0.2405,0.3806,0.4437,yes,yes,yes,yes,-0.4106,2023-2025,181,0,import,added,2009-12-01,no,,-0.2293,partly survives,lags
222,Current Prices Paid,PPCDISA066MSFRBNY,REVERSED,-11,-0.4516,0.2008,0.2508,no,-0.6291,-0.1758,0.001,0.0043,yes,yes,yes,yes,-0.3462,2023-2025,276,0,regionalfed_current,added,2002-07-01,no,,-0.6027,survives,lags
223,Future New Orders,NOFDISA066MSFRBNY,REVERSED,-6,-0.4304,-0.2498,0.1806,no,-0.6535,-0.1218,0.025,0.0424,no,yes,yes,no,-0.278,2020-2022,281,0,regionalfed_future,added,2002-07-01,no,,-0.42,survives,lags
224,Current Prices Received,PRCDFSA066MSFRBPHI,REVERSED,-8,-0.4216,0.0047,0.4169,no,-0.5812,-0.2266,0.014,0.0259,yes,yes,yes,yes,-0.3572,1975-1977,677,0,regionalfed_current,added,1969-05-01,no,,-0.5605,survives,lags
225,Future Prices Paid,PPFDISA066MSFRBNY,REVERSED,-10,-0.4176,0.1615,0.2561,no,-0.5851,-0.1569,0.001,0.0043,yes,yes,yes,yes,-0.3163,2023-2025,277,0,regionalfed_future,added,2002-07-01,no,,-0.5641,survives,lags
226,Current Prices Paid,PPCDFSA066MSFRBPHI,REVERSED,-8,-0.4092,-0.002,0.4072,no,-0.5453,-0.2318,0.014,0.0259,yes,yes,yes,yes,-0.3662,2023-2025,677,0,regionalfed_current,added,1969-05-01,no,,-0.5617,survives,lags
227,Construction spending: power,TLPWRCONS,REVERSED,-12,0.4064,0.0416,0.3648,no,0.166,0.6544,0.2288,0.2936,yes,yes,yes,yes,0.3476,2005-2007,269,0,demand,added,2003-01-01,no,,0.3874,survives,lags
228,Total Business: Inventories to Sales Ratio,ISRATIO,REVERSED,-9,0.3947,-0.0137,0.381,no,0.092,0.5838,0.001,0.0043,yes,yes,yes,yes,0.3458,2008-2010,391,0,inventories,added,1993-01-01,no,,0.5167,survives,lags
229,Future Capital Expenditures,CEFDISA066MSFRBNY,REVERSED,-11,-0.3828,0.1009,0.2819,no,-0.5285,-0.1665,0.0509,0.0826,yes,yes,yes,yes,-0.3266,2023-2025,276,0,regionalfed_future,added,2002-07-01,no,,-0.405,survives,lags
230,Current Unfilled Orders; Percent Reporting D,UOCDSA156MSFRBPHI,REVERSED,-3,0.3763,0.3523,0.024,no,0.1243,0.5324,0.008,0.0167,yes,yes,yes,yes,0.3023,2020-2022,682,93,orders,added,1969-05-01,no,,0.3007,survives,lags
231,Current Delivery Time,DTCDFSA066MSFRBPHI,REVERSED,-6,-0.3726,-0.2346,0.138,no,-0.5651,-0.1139,0.012,0.0228,yes,yes,yes,yes,-0.303,2020-2022,679,0,regionalfed_current,added,1969-05-01,no,,-0.3849,survives,lags
232,Current General Business Conditions,GACDISA066MSFRBNY,REVERSED,-8,-0.3686,-0.145,0.2236,no,-0.5543,-0.1333,0.001,0.0043,yes,yes,yes,yes,-0.3027,2020-2022,279,0,regionalfed_current,added,2002-07-01,no,,-0.4056,survives,lags
233,Current New Orders,NOCDISA066MSFRBNY,REVERSED,-8,-0.3674,-0.1251,0.2423,no,-0.537,-0.1567,0.001,0.0043,yes,yes,yes,yes,-0.3047,2008-2010,279,0,regionalfed_current,added,2002-07-01,no,,-0.4087,survives,lags
234,Producer Price Index by Industry: Carbon and,PCU3359913359910,REVERSED,-6,0.3594,0.2931,0.0663,no,0.1637,0.5836,0.0779,0.1243,no,yes,no,no,0.2712,1975-1977,695,19,grid_datacenter,added,1968-01-01,no,,0.3179,survives,lags
235,"Import Price Index (End Use): Toys, Games, a",IR41120,REVERSED,-5,0.3564,0.2983,0.0581,no,0.1476,0.6038,0.5085,0.5581,no,yes,yes,no,0.237,2020-2022,423,29,import,added,1982-03-01,no,,0.3028,survives,lags
236,Authorized in Permit-Issuing Places: Single-,PERMIT1,REVERSED,-3,-0.3405,-0.323,0.0174,no,-0.4799,-0.1954,0.0869,0.1338,yes,yes,yes,yes,-0.3031,2005-2007,698,0,construction,added,1968-01-01,no,,-0.2494,partly survives,lags
237,Uranium,PURANUSDM,REVERSED,-3,0.34,0.321,0.019,no,0.0939,0.6157,0.4416,0.4971,no,yes,yes,no,0.1393,2005-2007,398,93,commodity,added,1993-01-01,no,,0.2947,partly survives,lags
238,Manufacturers: Inventories to Sales Ratio,MNFCTRIRSA,REVERSED,-10,0.3398,-0.0281,0.3117,no,0.1649,0.5245,0.043,0.0705,no,yes,no,no,0.2766,2008-2010,390,0,inventories,added,1993-01-01,no,,0.4415,survives,lags
239,New Privately-Owned Housing Units Authorized,PERMIT1NSA,REVERSED,-3,-0.338,-0.32,0.0179,no,-0.473,-0.1946,0.0849,0.1322,yes,yes,yes,yes,-0.3009,2005-2007,698,0,construction,added,1968-01-01,no,,-0.2493,partly survives,lags
240,New Privately-Owned Housing Units Started: S,HOUST1FNSA,REVERSED,-4,-0.3299,-0.2954,0.0345,no,-0.4661,-0.1886,0.0869,0.1338,no,yes,yes,no,-0.2946,2005-2007,697,0,construction,added,1968-01-01,no,,-0.2598,partly survives,lags
241,Started: Single-Family Units,HOUST1F,REVERSED,-4,-0.3283,-0.2931,0.0351,no,-0.4633,-0.1853,0.0869,0.1338,no,yes,yes,no,-0.2928,2005-2007,697,0,construction,added,1968-01-01,no,,-0.257,partly survives,lags
242,Future Prices Received,PRFDFSA066MSFRBPHI,REVERSED,-7,-0.3254,-0.0388,0.2866,no,-0.4934,-0.1082,0.014,0.0259,no,yes,yes,no,-0.2707,2023-2025,678,0,regionalfed_future,added,1969-05-01,no,,-0.4436,survives,lags
243,Machinery and Equipment: Parts for Construct,WPU112K,REVERSED,-3,0.3229,0.2982,0.0246,no,0.135,0.8609,0.1958,0.2633,no,yes,yes,no,0.2078,2020-2022,303,93,ppi_machinery,added,2000-12-01,no,,0.2686,partly survives,lags
244,Industrial Capacity: Utilities: Natural Gas,CAPG2212S,REVERSED,-23,-0.3195,-0.2751,0.0444,no,-0.5505,-0.1679,0.1938,0.2615,no,yes,no,no,-0.2258,1975-1977,678,0,grid_datacenter,added,1968-01-01,no,,-0.3665,survives,lags
245,Industrial Production: Durable Goods Materia,IPB53122S,REVERSED,-6,-0.3192,-0.2228,0.0965,no,-0.4924,-0.1259,0.1858,0.2533,no,yes,no,no,-0.2212,1975-1977,695,0,grid_datacenter,added,1968-01-01,no,,-0.3731,survives,lags
246,Industrial Production: Durable Goods Materia,IPB53122N,REVERSED,-6,-0.3176,-0.2198,0.0978,no,-0.4897,-0.1252,0.1858,0.2533,no,yes,no,no,-0.2197,1975-1977,695,0,grid_datacenter,added,1968-01-01,no,,-0.3727,survives,lags
247,"Import Price Index (End Use): Capital Goods,",IR2,REVERSED,-3,0.3162,0.3156,0.0006,no,0.1254,0.5441,0.3906,0.454,no,yes,yes,no,0.2274,2020-2022,470,90,import,added,1980-12-01,no,,0.1854,not cycle-driven (weak on its own),lags
248,Future Unfilled Orders; Percent Reporting De,UOFDSA156MSFRBPHI,REVERSED,-21,-0.315,0.1118,0.2032,no,-0.4417,-0.1619,0.001,0.0043,no,yes,yes,no,-0.221,2023-2025,664,0,orders,added,1969-05-01,no,,-0.2684,partly survives,lags
249,Industrial Production: Consumer Goods,IPB51000N,REVERSED,-5,-0.3144,-0.2499,0.0645,no,-0.4761,-0.1532,0.0889,0.1363,no,yes,no,no,-0.2749,1972-1974,696,0,ip_capacity,added,1968-01-01,no,,-0.3485,survives,lags
250,Future Unfilled Orders; Percent Reporting De,UOFDNA156MNFRBPHI,REVERSED,-21,-0.3142,0.1105,0.2037,no,-0.4395,-0.162,0.001,0.0043,no,yes,yes,no,-0.2204,2023-2025,664,0,orders,added,1969-05-01,no,,-0.2676,partly survives,lags
251,Manufacturing: Durable Goods: Primary Metal,CAPUTLG331S,REVERSED,-10,-0.3139,0.0347,0.2792,no,-0.478,-0.1318,0.001,0.0043,no,yes,no,no,-0.2518,1975-1977,691,0,capacity,added,1968-01-01,no,,-0.3836,survives,lags
252,Industrial production: manufacturing,IPMAN,REVERSED,-8,-0.3123,-0.1219,0.1904,no,-0.494,-0.1142,0.001,0.0043,no,yes,no,no,-0.2406,1975-1977,633,0,demand,added,1973-01-01,no,,-0.3887,survives,lags
253,Manufacturing (NAICS),IPGMFN,REVERSED,-8,-0.3109,-0.1219,0.1891,no,-0.4935,-0.1127,0.001,0.0043,no,yes,no,no,-0.2387,1975-1977,633,0,ip,added,1973-01-01,no,,-0.387,survives,lags
254,Capacity utilization: manufacturing,MCUMFN,REVERSED,-8,-0.3065,-0.1025,0.204,no,-0.5114,-0.1171,0.001,0.0043,no,yes,no,no,-0.2253,1975-1977,633,0,demand,added,1973-01-01,no,,-0.3797,survives,lags
255,Import Price Index (End Use): Vegetables,IR00130,REVERSED,-9,0.3055,0.0903,0.2153,no,0.2045,0.4259,0.001,0.0043,no,yes,yes,no,0.2808,2005-2007,421,0,import,added,1981-12-01,no,,0.3086,survives,lags
256,New Privately-Owned Housing Units Started: T,HOUSTNSA,REVERSED,-3,-0.3045,-0.2951,0.0094,no,-0.4689,-0.1475,0.0969,0.1457,no,yes,yes,no,-0.2728,1972-1974,698,0,construction,added,1968-01-01,no,,-0.2527,partly survives,lags
257,Machinery Manufacturing,CES3133300001,REVERSED (cycle-driven),-3,0.3726,0.349,0.0236,no,0.2293,0.5071,0.2168,0.2819,yes,yes,yes,yes,0.3232,2020-2022,422,93,employment,added,1991-01-01,no,,0.1759,cycle-driven,lags
258,Manufacturers' Unfilled Orders: Industrial M,A33EUO,REVERSED (cycle-driven),-4,0.3631,0.3207,0.0424,no,0.1807,0.5468,0.2098,0.2755,yes,yes,yes,yes,0.3021,2020-2022,397,71,orders,added,1993-01-01,no,,0.1859,cycle-driven,lags
259,Import Price Index (End Use): Metal Working,IR21120,REJECTED,-5,0.2997,0.2732,0.0265,no,0.1083,0.5331,0.6673,0.6937,no,yes,yes,no,0.2385,2020-2022,420,27,import,added,1980-12-01,no,,0.1918,not cycle-driven (weak on its own),lags
260,Durable Goods Materials: Durable Goods Mater,IPDMAT,REJECTED,-9,-0.2993,-0.1316,0.1677,no,-0.4826,-0.1023,0.0819,0.1296,no,yes,no,no,-0.2327,1975-1977,692,0,ip,added,1968-01-01,no,,-0.3469,survives,lags
261,"Import Price Index (End Use): Apparel, House",IR40000,REJECTED,-7,0.2984,0.2481,0.0503,no,0.047,0.5872,0.2517,0.3179,no,yes,yes,no,0.1587,2020-2022,423,0,import,added,1981-12-01,no,,0.2446,partly survives,lags
262,Manufacturing: Durable Goods: Electrical Equ,IPG335S,REJECTED,-7,-0.2968,-0.1545,0.1423,no,-0.531,-0.0439,0.0959,0.1453,no,yes,no,no,-0.1737,1975-1977,634,0,ip,added,1973-01-01,no,,-0.3782,survives,lags
263,Capacity Utilization: Manufacturing Excludin,CAPUTLX4HTK2S,REJECTED,-7,-0.295,-0.1186,0.1764,no,-0.5015,-0.075,0.0809,0.1286,no,yes,no,no,-0.2062,1975-1977,694,0,grid_datacenter,added,1968-01-01,no,,-0.3643,survives,lags
264,10-Year Treasury Constant Maturity Minus 2-Y,T10Y2YM,REJECTED,-24,0.2935,-0.1835,0.11,no,0.1611,0.4716,0.2867,0.3541,no,yes,yes,no,0.2443,2008-2010,564,0,rates,added,1977-06-01,no,,0.271,partly survives,lags
265,10-Year Treasury Constant Maturity Minus 2-Y,T10Y2Y,REJECTED,-24,0.2934,-0.1835,0.1099,no,0.161,0.4716,0.2867,0.3541,no,yes,yes,no,0.2443,2008-2010,564,0,rates,added,1977-06-01,no,,0.2708,partly survives,lags
266,Current Unfilled Orders,UOCDFSA066MSFRBPHI,REJECTED,-3,-0.2911,-0.2592,0.0319,no,-0.4591,-0.1026,0.008,0.0167,no,yes,yes,no,-0.2571,1972-1974,682,0,regionalfed_current,added,1969-05-01,no,,-0.2485,partly survives,lags
267,Fabricated Metal Product Manufacturing,CES3133200001,REJECTED,-1,0.2906,0.284,0.0066,yes,0.1339,0.4268,0.5105,0.5587,no,no,yes,no,0.2466,2020-2022,424,108,employment,added,1991-01-01,no,,0.0192,cycle-driven,co-mover
268,"Energy, Total",IPB50089S,REJECTED,20,-0.2903,0.1637,0.1266,no,-0.5488,0.0602,0.039,0.065,no,yes,yes,no,-0.0403,2020-2022,681,0,ip,added,1968-01-01,no,,-0.3796,survives,true lead
269,Current Unfilled Orders; Diffusion Index for,UOCDFNA066MNFRBPHI,REJECTED,-3,-0.29,-0.2576,0.0324,no,-0.4572,-0.1012,0.008,0.0167,no,yes,yes,no,-0.2564,1972-1974,682,0,orders,added,1969-05-01,no,,-0.2474,partly survives,lags
270,Inflation Expectation,MICH,REJECTED,5,0.2897,0.1924,0.0973,no,0.0468,0.5963,0.006,0.0151,no,yes,yes,no,0.1244,2020-2022,564,139,expectations,added,1979-01-01,no,,-0.0256,cycle-driven,true lead
271,Future Unfilled Orders; Diffusion Index for,UOFDFSA066MSFRBPHI,REJECTED,-20,0.2886,-0.0615,0.2271,no,0.1578,0.4077,0.001,0.0043,no,yes,yes,no,0.2229,2023-2025,665,0,orders,added,1969-05-01,no,,0.2423,partly survives,lags
272,Future Unfilled Orders; Diffusion Index for,UOFDFNA066MNFRBPHI,REJECTED,-20,0.2876,-0.0611,0.2265,no,0.1574,0.4073,0.001,0.0043,no,yes,yes,no,0.2221,2023-2025,665,0,orders,added,1969-05-01,no,,0.2415,partly survives,lags
273,Manufacturing: Durable Goods: Machinery (NAI,IPG333S,REJECTED,-14,-0.2873,0.0839,0.2034,no,-0.4468,-0.1291,0.0829,0.1307,no,no,no,no,-0.2346,2008-2010,627,0,ip,added,1973-01-01,no,,-0.3412,survives,lags
274,Manufacturers' Unfilled Orders: Ferrous Meta,A31CUO,REJECTED,2,0.2869,0.2783,0.0086,yes,0.0137,0.5027,0.5005,0.5524,no,no,yes,no,0.0999,2020-2022,399,131,orders,added,1993-01-01,no,,-0.0438,cycle-driven,co-mover
275,Chemicals and Allied Products: Drugs and Pha,WPU063,REJECTED,-3,0.2843,0.2627,0.0216,no,-0.0245,0.6092,0.2448,0.3111,no,no,no,no,0.1632,1975-1977,698,93,ppi_chemicals,added,1968-01-01,no,,0.2896,partly survives,lags
276,Producer Price Index by Industry: Pipeline T,PCU486110486110P,REJECTED,-24,0.2804,0.1518,0.1287,no,0.1432,0.5061,0.4136,0.4737,no,yes,yes,no,0.2185,2008-2010,347,0,freight,added,1995-07-01,no,,0.2964,partly survives,lags
277,Consumer Sentiment,UMCSENT,REJECTED,1,-0.2783,-0.2752,0.0031,yes,-0.451,-0.0653,0.007,0.0158,no,yes,yes,no,-0.1953,2020-2022,612,2,sentiment,added,1968-02-01,no,,-0.0883,cycle-driven,co-mover
278,Industrial Production: Total Index,INDPRO,REJECTED,-8,-0.2783,-0.1061,0.1722,no,-0.4666,-0.07,0.0849,0.1322,no,no,no,no,-0.2072,1975-1977,693,0,ip_capacity,added,1968-01-01,no,,-0.3539,survives,lags
279,Industrial Production: Total Index,IPB50001N,REJECTED,-8,-0.2766,-0.1046,0.1719,no,-0.4652,-0.0678,0.0849,0.1322,no,no,no,no,-0.2048,1975-1977,693,0,ip_capacity,added,1968-01-01,no,,-0.3522,survives,lags
280,Industrial Production: Durable Consumer Good,IPB51100N,REJECTED,-5,-0.2754,-0.207,0.0684,no,-0.4405,-0.1401,0.032,0.0538,no,yes,no,no,-0.2438,1975-1977,696,0,ip_capacity,added,1968-01-01,no,,-0.3033,survives,lags
281,Construction,USCONS,REJECTED,-10,-0.2752,-0.1808,0.0944,no,-0.5153,-0.0621,0.2468,0.3126,no,no,no,no,-0.1848,1975-1977,691,0,employment,added,1968-01-01,no,,-0.2838,partly survives,lags
282,Manufacturing: Durable Goods: Primary Metal,IPG331S,REJECTED,-10,-0.2732,0.0454,0.2278,no,-0.4811,-0.0545,0.001,0.0043,no,no,no,no,-0.1955,1975-1977,631,0,ip,added,1973-01-01,no,,-0.3584,survives,lags
283,Future Prices Paid,PPFDFSA066MSFRBPHI,REJECTED,-8,-0.2722,-0.0182,0.254,no,-0.4286,-0.0744,0.001,0.0043,no,yes,yes,no,-0.2172,2023-2025,677,0,regionalfed_future,added,1969-05-01,no,,-0.3617,survives,lags
284,Producer Price Index by Industry: Scheduled,PCU481112481112P,REJECTED,-13,-0.2717,0.1963,0.0754,no,-0.6126,0.2926,0.3337,0.3996,no,no,yes,no,0.0711,2023-2025,437,0,freight,added,1988-12-01,no,,-0.3097,survives,lags
285,Producer Price Index by Industry: Pipeline T,PCU486110486110312,REJECTED,-24,0.2707,0.1216,0.1491,no,0.1015,0.495,0.3157,0.3839,no,no,no,no,0.1113,2008-2010,444,0,freight,added,1987-06-01,no,,0.3028,survives,lags
286,Future Capital Expenditures,CEFDFSA066MSFRBPHI,REJECTED,-6,-0.2673,-0.1929,0.0743,no,-0.4364,-0.1015,0.012,0.0228,no,yes,yes,no,-0.2124,2020-2022,679,0,regionalfed_future,added,1969-05-01,no,,-0.2723,partly survives,lags
287,Materials,IPMAT,REJECTED,-8,-0.2672,-0.1025,0.1648,no,-0.4798,-0.0547,0.1439,0.2069,no,no,no,no,-0.1836,1975-1977,693,0,ip,added,1968-01-01,no,,-0.3366,survives,lags
288,Future Capital Expenditures; Diffusion Index,CEFDFNA066MNFRBPHI,REJECTED,-6,-0.2672,-0.1938,0.0734,no,-0.4363,-0.1018,0.012,0.0228,no,yes,yes,no,-0.2116,2020-2022,679,0,regionalfed_future,added,1969-05-01,no,,-0.2716,partly survives,lags
289,Current Work Hours; Percent Reporting Increa,AWCISA156MSFRBPHI,REJECTED,-5,-0.2657,-0.1842,0.0815,no,-0.4543,-0.0525,0.01,0.0196,no,yes,yes,no,-0.1368,2020-2022,680,0,regionalfed_current,added,1969-05-01,no,,-0.2851,partly survives,lags
290,Import Price Index (End Use): Consumer Goods,IR4,REJECTED,0,0.2655,0.2655,0.0,yes,0.0885,0.5397,0.7542,0.78,no,no,yes,no,0.2316,2008-2010,463,115,import,added,1983-06-01,no,,0.0685,cycle-driven,co-mover
291,Current Work Hours; Percent Reporting Increa,AWCINA156MNFRBPHI,REJECTED,-5,-0.2654,-0.1837,0.0817,no,-0.4538,-0.0523,0.01,0.0196,no,yes,yes,no,-0.1358,2020-2022,680,0,regionalfed_current,added,1969-05-01,no,,-0.2848,partly survives,lags
292,Current Work Hours; Diffusion Index for Fede,AWCDFNA066MNFRBPHI,REJECTED,-5,-0.2637,-0.1837,0.08,no,-0.4093,-0.0927,0.01,0.0196,no,yes,yes,no,-0.2235,2020-2022,680,0,regionalfed_current,added,1969-05-01,no,,-0.2871,partly survives,lags
293,Current Work Hours; Diffusion Index for Fede,AWCDFSA066MSFRBPHI,REJECTED,-5,-0.2637,-0.1842,0.0795,no,-0.4095,-0.0936,0.01,0.0196,no,yes,yes,no,-0.2244,2020-2022,680,0,regionalfed_current,added,1969-05-01,no,,-0.2873,partly survives,lags
294,Mining: Mining (NAICS = 21),IPMINE,REJECTED,19,-0.2631,0.2091,0.0541,no,-0.5023,0.0254,0.1728,0.242,no,no,yes,no,-0.0483,2020-2022,682,0,ip,added,1968-01-01,no,,-0.3584,survives,true lead
295,Producer Price Index by Industry: Scheduled,PCU4811124811121,REJECTED,-13,-0.262,0.2022,0.0598,no,-0.5968,0.2904,0.3566,0.4207,no,no,yes,no,0.071,2023-2025,437,0,freight,added,1988-12-01,no,,-0.3016,survives,lags
296,Moody's Seasoned Aaa Corporate Bond Minus Fe,AAAFFM,REJECTED,13,-0.2615,0.0549,0.2066,no,-0.4905,-0.0524,0.1179,0.174,no,no,no,no,-0.1597,1972-1974,688,2,rates,added,1968-01-01,no,,-0.226,partly survives,true lead
297,Manufacturing: Durable Goods: Machinery (NAI,CAPUTLG333S,REJECTED,-13,-0.2602,0.0554,0.2048,no,-0.4386,-0.081,0.3596,0.423,no,no,no,no,-0.2072,1981-1983,688,0,capacity,added,1968-01-01,no,,-0.2867,partly survives,lags
298,3-Month Treasury Bill Minus Federal Funds Ra,TB3SMFFM,REJECTED,11,-0.2565,0.0908,0.1657,no,-0.4651,-0.0835,0.1788,0.2463,no,no,no,no,-0.1378,1972-1974,690,3,rates,added,1968-01-01,no,,-0.1983,not cycle-driven (weak on its own),true lead
299,Current Employment,NECDFSA066MSFRBPHI,REJECTED,-8,-0.2562,-0.1087,0.1475,no,-0.4443,-0.0636,0.014,0.0259,no,yes,yes,no,-0.1939,2023-2025,677,0,regionalfed_current,added,1969-05-01,no,,-0.2841,partly survives,lags
300,Manufacturing: Durable Goods: Iron and Steel,IPG3311A2S,REJECTED,-10,-0.2553,0.0773,0.178,no,-0.4589,-0.0381,0.001,0.0043,no,no,no,no,-0.1784,1975-1977,631,0,ip,added,1973-01-01,no,,-0.3433,survives,lags
301,Moody's Seasoned Baa Corporate Bond Minus Fe,BAAFFM,REJECTED,12,-0.2545,0.0852,0.1693,no,-0.4575,-0.0696,0.3427,0.4066,no,no,no,no,-0.1665,1972-1974,689,3,rates,added,1968-01-01,no,,-0.2176,partly survives,true lead
302,Baa Corporate Bond Yield Relative to Yield o,BAA10Y,REJECTED,9,-0.254,-0.0356,0.2184,no,-0.3914,-0.0908,0.1768,0.2453,no,no,yes,no,-0.2426,1999-2001,464,3,credit,added,1987-01-01,no,,-0.2016,partly survives,true lead
303,6-Month Treasury Bill Minus Federal Funds Ra,TB6SMFFM,REJECTED,11,-0.2501,0.1163,0.1338,no,-0.4664,-0.0723,0.2098,0.2755,no,no,no,no,-0.1298,1972-1974,690,3,rates,added,1968-01-01,no,,-0.2068,partly survives,true lead
304,Total Construction,TTLCONS,REJECTED,-24,-0.25,0.1156,0.1344,no,-0.6839,0.0555,0.6823,0.7075,no,no,no,no,-0.0002,2008-2010,365,0,construction,added,1994-01-01,no,,-0.2334,partly survives,lags
305,Manufacturing: Durable Goods: Electrical Equ,CAPUTLG335S,REJECTED,-6,-0.2471,-0.1385,0.1086,no,-0.5325,0.0318,0.2527,0.3182,no,no,no,no,-0.0779,1975-1977,635,0,capacity,added,1973-01-01,no,,-0.3286,survives,lags
306,New Privately-Owned Housing Units Authorized,PERMIT24,REJECTED,3,-0.2463,-0.2307,0.0156,yes,-0.4539,-0.0494,0.1459,0.2082,no,no,no,no,-0.1591,1972-1974,698,2,construction,added,1968-01-01,no,,-0.2248,partly survives,co-mover
307,Manufacturing: Durable Goods: Fabricated Met,IPG332S,REJECTED,-12,-0.2454,0.0085,0.237,no,-0.4171,-0.0704,0.2338,0.2981,no,no,no,no,-0.1973,2008-2010,629,0,ip,added,1973-01-01,no,,-0.2988,partly survives,lags
308,1-Year Treasury Constant Maturity Minus Fede,T1YFFM,REJECTED,-5,0.2442,0.1571,0.0871,no,-0.0685,0.4738,0.2068,0.2734,no,no,no,no,0.0715,1975-1977,696,29,rates,added,1968-01-01,no,,0.3067,survives,lags
309,Import Price Index (End Use): Passenger Cars,IR300,REJECTED,-19,0.244,0.0649,0.1791,no,0.12,0.4495,0.4545,0.5088,no,no,yes,no,0.2058,2014-2016,408,0,import,added,1982-06-01,no,,0.1709,not cycle-driven (weak on its own),lags
310,New Privately-Owned Housing Units Authorized,PERMIT24NSA,REJECTED,3,-0.2422,-0.2263,0.016,yes,-0.451,-0.0439,0.1528,0.2174,no,no,no,no,-0.1546,1972-1974,698,2,construction,added,1968-01-01,no,,-0.2204,partly survives,co-mover
311,Capacity Utilization: Total Excluding Comput,CAPUTLX50HTKS,REJECTED,-9,-0.2402,-0.0302,0.21,no,-0.4399,-0.0373,0.2757,0.3427,no,no,no,no,-0.1825,1975-1977,692,0,grid_datacenter,added,1968-01-01,no,,-0.3045,survives,lags
312,Aaa Corporate Bond Yield Relative to Yield o,AAA10Y,REJECTED,9,-0.2397,-0.1135,0.1263,no,-0.3743,-0.103,0.3926,0.455,no,no,yes,no,-0.2204,1999-2001,500,3,credit,added,1984-01-01,no,,-0.1637,not cycle-driven (weak on its own),true lead
313,10-Year Breakeven Inflation Rate,T10YIE,REJECTED,7,0.2367,0.1033,0.1334,no,0.094,0.6924,0.3696,0.4321,no,yes,yes,no,0.1468,2020-2022,262,116,expectations,added,2004-01-01,no,,0.099,not cycle-driven (weak on its own),true lead
314,Moody's Seasoned Baa Corporate Bond Yield Re,BAA10YM,REJECTED,-6,0.2355,0.1349,0.1005,no,0.0741,0.4124,0.3487,0.4125,no,no,no,no,0.1818,2008-2010,695,19,rates,added,1968-01-01,no,,0.2518,partly survives,lags
315,Rubber,PRUBBUSDM,REJECTED,10,0.2354,0.1117,0.1237,no,0.0345,0.4393,0.8252,0.8467,no,no,yes,no,0.1825,2005-2007,391,46,commodity,added,1993-01-01,no,,0.0968,not cycle-driven (weak on its own),true lead
316,New Orders: Computers and Electronic Product,A34SNO,REJECTED,3,0.235,0.2168,0.0182,yes,0.0727,0.4087,0.4316,0.49,no,no,yes,no,0.207,2005-2007,397,132,orders,added,1993-02-01,no,,0.0398,cycle-driven,co-mover
317,Producer Price Index by Industry: Pipeline T,PCU486110486110,REJECTED,-24,0.2326,0.1504,0.0823,no,0.0516,0.4072,0.4376,0.4954,no,no,no,no,0.1213,2008-2010,444,0,freight,added,1987-06-01,no,,0.2777,partly survives,lags
318,10-Year Treasury Constant Maturity Minus Fed,T10YFFM,REJECTED,13,-0.2307,0.0678,0.1629,no,-0.4666,-0.0142,0.3017,0.3692,no,no,no,no,-0.1172,1972-1974,688,2,rates,added,1968-01-01,no,,-0.2031,partly survives,true lead
319,"Import Price Index (End Use): Apparel, Texti",IR40020,REJECTED,23,-0.2305,0.0917,0.1388,no,-0.3536,-0.1106,0.8362,0.8535,no,no,yes,no,-0.1969,2011-2013,399,0,import,added,1981-12-01,no,,-0.1749,not cycle-driven (weak on its own),true lead
320,Industrial Capacity: Manufacturing: Durable,CAPHITEK2S,REJECTED,20,-0.2301,-0.1171,0.113,no,-0.3888,-0.0513,0.6014,0.6439,no,no,yes,no,-0.1287,2020-2022,681,0,grid_datacenter,added,1968-01-01,no,,-0.2301,partly survives,true lead
321,5-Year Treasury Constant Maturity Minus Fede,T5YFFM,REJECTED,14,-0.2295,0.1079,0.1216,no,-0.4645,-0.0207,0.2208,0.2861,no,no,no,no,-0.1064,1972-1974,687,1,rates,added,1968-01-01,no,,-0.2123,partly survives,true lead
322,New Privately-Owned Housing Units Started: U,HOUST2F,REJECTED,3,-0.228,-0.2056,0.0223,yes,-0.435,-0.0229,0.1848,0.2533,no,no,no,no,-0.1122,1972-1974,698,2,construction,added,1968-01-01,no,,-0.1743,not cycle-driven (weak on its own),co-mover
323,Industrial Production: Final Products,IPB50002N,REJECTED,-10,-0.2242,-0.0703,0.1539,no,-0.3837,-0.0377,0.4186,0.478,no,no,no,no,-0.178,2008-2010,691,0,ip_capacity,added,1968-01-01,no,,-0.2708,partly survives,lags
324,Import Price Index (End Use): Automotive Veh,IR3,REJECTED,0,0.2211,0.2211,0.0,yes,0.017,0.4636,0.6344,0.6737,no,no,yes,no,0.1455,2020-2022,467,117,import,added,1982-06-01,no,,0.0759,not cycle-driven (weak on its own),co-mover
325,Current New Orders,NOCDFSA066MSFRBPHI,REJECTED,-3,-0.2204,-0.2012,0.0192,no,-0.3925,-0.0359,0.008,0.0167,no,no,yes,no,-0.1496,2020-2022,682,0,regionalfed_current,added,1969-05-01,no,,-0.1785,not cycle-driven (weak on its own),lags
326,Current Unfilled Orders; Percent Reporting I,UOCINA156MNFRBPHI,REJECTED,-3,-0.2198,-0.1848,0.035,no,-0.3672,-0.0662,0.008,0.0167,no,no,yes,no,-0.1895,2020-2022,682,0,orders,added,1969-05-01,no,,-0.2009,partly survives,lags
327,Current Unfilled Orders; Percent Reporting I,UOCISA156MSFRBPHI,REJECTED,-3,-0.2197,-0.1856,0.0341,no,-0.3673,-0.0647,0.008,0.0167,no,no,yes,no,-0.189,2020-2022,682,0,orders,added,1969-05-01,no,,-0.201,partly survives,lags
328,10-Year Treasury Constant Maturity Minus 3-M,T10Y3M,REJECTED,-8,-0.218,-0.1029,0.1152,no,-0.4688,0.1339,0.6234,0.6638,no,no,yes,no,-0.0692,2023-2025,513,0,rates,added,1983-01-01,no,,-0.2171,partly survives,lags
329,Future Unfilled Orders; Percent Reporting In,UOFISA156MSFRBPHI,REJECTED,-19,0.2169,0.0011,0.2158,no,0.1193,0.328,0.049,0.0797,no,no,no,no,0.1747,1972-1974,666,0,orders,added,1969-05-01,no,,0.1805,not cycle-driven (weak on its own),lags
330,Future Unfilled Orders; Percent Reporting In,UOFINA156MNFRBPHI,REJECTED,-19,0.2161,0.0004,0.2157,no,0.1191,0.3243,0.049,0.0797,no,no,no,no,0.1741,1972-1974,666,0,orders,added,1969-05-01,no,,0.18,not cycle-driven (weak on its own),lags
331,Industrial Capacity: Total Excluding Compute,CAPX50HTKS,REJECTED,6,-0.2132,-0.1729,0.0403,yes,-0.4808,0.126,0.5774,0.625,no,no,yes,no,0.0012,2020-2022,695,3,grid_datacenter,added,1968-01-01,no,,-0.2211,partly survives,co-mover
332,Future Capital Expenditures; Percent Reporti,CEFDSA156MSFRBPHI,REJECTED,-5,0.2113,0.1604,0.0509,no,0.0713,0.377,0.01,0.0196,no,no,yes,no,0.1661,2008-2010,680,29,regionalfed_future,added,1969-05-01,no,,0.2051,partly survives,lags
333,Future General Activity; Percent Reporting D,GAFDSA156MSFRBPHI,REJECTED,-24,-0.211,0.0194,0.1916,no,-0.3448,-0.0743,0.3287,0.3948,no,no,yes,no,-0.1588,2023-2025,661,0,regionalfed_future,added,1969-05-01,no,,-0.1641,not cycle-driven (weak on its own),lags
334,Future Capital Expenditures; Percent Reporti,CEFDNA156MNFRBPHI,REJECTED,-5,0.2108,0.1612,0.0496,no,0.0713,0.3759,0.01,0.0196,no,no,yes,no,0.1658,2008-2010,680,29,regionalfed_future,added,1969-05-01,no,,0.2037,partly survives,lags
335,Current General Activity,GACDFSA066MSFRBPHI,REJECTED,-1,-0.2104,-0.2029,0.0075,yes,-0.3611,-0.0436,0.012,0.0228,no,no,yes,no,-0.1724,1972-1974,684,0,regionalfed_current,added,1969-05-01,no,,-0.1404,not cycle-driven (weak on its own),co-mover
336,Future General Activity; Percent Reporting D,GAFDNA156MNFRBPHI,REJECTED,-24,-0.21,0.0191,0.1909,no,-0.3434,-0.0756,0.3287,0.3948,no,no,yes,no,-0.1581,2023-2025,661,0,regionalfed_future,added,1969-05-01,no,,-0.1637,not cycle-driven (weak on its own),lags
337,Current General Activity; Percent Reporting,GACINA156MNFRBPHI,REJECTED,-17,0.2096,-0.078,0.1316,no,-0.055,0.4555,0.0989,0.1476,no,no,no,no,0.0174,1975-1977,668,0,regionalfed_current,added,1969-05-01,no,,0.2067,partly survives,lags
338,Future Capital Expenditures; Percent Reporti,CEFISA156MSFRBPHI,REJECTED,-7,-0.2095,-0.1314,0.0781,no,-0.3539,-0.0624,0.1109,0.1649,no,no,yes,no,-0.16,2020-2022,678,0,regionalfed_future,added,1969-05-01,no,,-0.2255,partly survives,lags
339,Future New Orders,NOFDFSA066MSFRBPHI,REJECTED,-22,0.209,-0.027,0.182,no,0.0698,0.3445,0.2947,0.3617,no,no,yes,no,0.1635,2023-2025,663,0,regionalfed_future,added,1969-05-01,no,,0.1711,not cycle-driven (weak on its own),lags
340,Current General Activity; Diffusion Index fo,GACDFNA066MNFRBPHI,REJECTED,-1,-0.2089,-0.2012,0.0076,yes,-0.3591,-0.0415,0.042,0.0695,no,no,yes,no,-0.1718,1972-1974,684,0,regionalfed_current,added,1969-05-01,no,,-0.1392,not cycle-driven (weak on its own),co-mover
341,Moody's Seasoned Aaa Corporate Bond Yield Re,AAA10YM,REJECTED,12,-0.2046,-0.0402,0.1644,no,-0.3469,-0.0499,0.4945,0.5488,no,no,yes,no,-0.1733,1969-1971,689,3,rates,added,1968-01-01,no,,-0.1563,not cycle-driven (weak on its own),true lead
342,Current General Activity; Percent Reporting,GACNNA156MNFRBPHI,REJECTED,7,0.2039,0.0773,0.1266,no,0.0398,0.3389,0.001,0.0043,no,yes,yes,no,0.1267,2020-2022,678,120,regionalfed_current,added,1969-05-01,no,,0.1812,not cycle-driven (weak on its own),true lead
343,Industrial production: utilities,IPUTIL,REJECTED,-13,-0.2033,-0.0397,0.1636,no,-0.3329,-0.0727,0.2627,0.3286,no,no,no,no,-0.1612,1981-1983,688,0,demand,starter,1968-01-01,no,,-0.2113,partly survives,lags
344,Future Capital Expenditures; Percent Reporti,CEFINA156MNFRBPHI,REJECTED,-7,-0.2028,-0.1323,0.0705,no,-0.3531,-0.0518,0.1119,0.1657,no,no,yes,no,-0.148,2020-2022,678,0,regionalfed_future,added,1969-05-01,no,,-0.2169,partly survives,lags
345,Producer Price Index by Industry: Pipeline T,PCU4861104861103,REJECTED,-24,0.2019,0.1506,0.0513,no,0.0107,0.3877,0.5654,0.6137,no,no,no,no,0.0823,2008-2010,444,0,freight,added,1987-06-01,no,,0.249,partly survives,lags
346,Current Work Hours; Percent Reporting Decrea,AWCDNA156MNFRBPHI,REJECTED,-5,0.2018,0.1413,0.0605,no,0.0594,0.3468,0.022,0.0375,no,no,yes,no,0.1641,2008-2010,680,29,regionalfed_current,added,1969-05-01,no,,0.2225,partly survives,lags
347,Current Work Hours; Percent Reporting Decrea,AWCDSA156MSFRBPHI,REJECTED,-5,0.2016,0.1417,0.0599,no,0.0591,0.3463,0.022,0.0375,no,no,yes,no,0.1635,2008-2010,680,29,regionalfed_current,added,1969-05-01,no,,0.2226,partly survives,lags
348,Future General Activity,GAFDFSA066MSFRBPHI,REJECTED,-24,0.1993,-0.0182,0.1811,no,0.0604,0.3476,0.4046,0.4661,no,no,yes,no,0.1525,1972-1974,661,0,regionalfed_future,added,1969-05-01,no,,0.1511,not cycle-driven (weak on its own),lags
349,Current General Activity; Percent Reporting,GACISA156MSFRBPHI,REJECTED,-16,0.1993,-0.0075,0.1918,no,-0.0675,0.3573,0.0989,0.1476,no,yes,no,no,-0.0261,1975-1977,669,0,regionalfed_current,added,1969-05-01,no,,0.2004,partly survives,lags
350,Future General Activity; Diffusion Index for,GAFDFNA066MNFRBPHI,REJECTED,-24,0.1984,-0.0174,0.1809,no,0.0619,0.3458,0.4046,0.4661,no,no,yes,no,0.1515,1972-1974,661,0,regionalfed_future,added,1969-05-01,no,,0.1507,not cycle-driven (weak on its own),lags
351,Industrial Production: Utilities: Electric a,IPG2211A2N,REJECTED,-13,-0.1903,-0.0369,0.1535,no,-0.3115,-0.0739,0.2697,0.3363,no,no,no,no,-0.1504,1981-1983,688,0,grid_datacenter,added,1968-01-01,no,,-0.1971,not cycle-driven (weak on its own),lags
352,New Privately-Owned Housing Units Authorized,PERMIT5,REJECTED,6,-0.1854,-0.1608,0.0245,yes,-0.4367,0.0419,0.6434,0.677,no,no,no,no,-0.0688,1972-1974,695,3,construction,added,1968-01-01,no,,-0.2006,partly survives,co-mover
353,Producer Price Index by Industry: Scheduled,PCU4811124811122,REJECTED,9,-0.1849,-0.0521,0.1328,no,-0.3414,-0.0475,0.5954,0.641,no,no,no,no,-0.1393,2011-2013,438,3,freight,added,1988-12-01,no,,-0.2432,partly survives,true lead
354,"Import Price Index (End Use): Nondurables, M",IR40,REJECTED,-24,0.1838,0.0176,0.1662,no,-0.0573,0.3843,0.8332,0.8526,no,no,no,no,0.145,2008-2010,415,0,import,added,1981-12-01,no,,0.0831,not cycle-driven (weak on its own),lags
355,New Privately-Owned Housing Units Authorized,PERMIT5NSA,REJECTED,6,-0.1833,-0.1604,0.0229,yes,-0.432,0.0435,0.6484,0.6794,no,no,no,no,-0.0678,1972-1974,695,3,construction,added,1968-01-01,no,,-0.1998,not cycle-driven (weak on its own),co-mover
356,Future General Activity; Percent Reporting N,GAFNSA156MSFRBPHI,REJECTED,9,0.1826,0.058,0.1246,no,0.0176,0.3272,0.0719,0.1157,no,no,yes,no,0.1309,2020-2022,676,70,regionalfed_future,added,1969-05-01,no,,0.116,not cycle-driven (weak on its own),true lead
357,Current General Activity; Percent Reporting,GACDSA156MSFRBPHI,REJECTED,-3,0.181,0.1662,0.0148,no,0.0058,0.3478,0.2008,0.2673,no,no,yes,no,0.1476,1972-1974,682,93,regionalfed_current,added,1969-05-01,no,,0.1359,not cycle-driven (weak on its own),lags
358,Current General Activity; Percent Reporting,GACDNA156MNFRBPHI,REJECTED,-3,0.1803,0.1647,0.0155,no,0.0062,0.3456,0.1998,0.2673,no,no,yes,no,0.1477,1972-1974,682,93,regionalfed_current,added,1969-05-01,no,,0.1357,not cycle-driven (weak on its own),lags
359,Future Work Hours; Percent Reporting Increas,AWFISA156MSFRBPHI,REJECTED,-24,0.1741,0.012,0.162,no,0.0737,0.2906,0.3237,0.3912,no,no,no,no,0.1446,1972-1974,661,0,regionalfed_future,added,1969-05-01,no,,0.1465,not cycle-driven (weak on its own),lags
360,Future Work Hours; Percent Reporting Increas,AWFINA156MNFRBPHI,REJECTED,-24,0.1733,0.012,0.1613,no,0.0744,0.2886,0.3237,0.3912,no,no,no,no,0.1438,1972-1974,661,0,regionalfed_future,added,1969-05-01,no,,0.1463,not cycle-driven (weak on its own),lags
361,Future Work Hours; Diffusion Index for Feder,AWFDFSA066MSFRBPHI,REJECTED,-24,0.1727,-0.0118,0.1609,no,0.0759,0.2808,0.4446,0.499,no,no,no,no,0.1467,1972-1974,661,0,regionalfed_future,added,1969-05-01,no,,0.1444,not cycle-driven (weak on its own),lags
362,Future Work Hours; Diffusion Index for Feder,AWFDFNA066MNFRBPHI,REJECTED,-24,0.1724,-0.0115,0.1609,no,0.075,0.279,0.4396,0.4962,no,no,no,no,0.1463,1972-1974,661,0,regionalfed_future,added,1969-05-01,no,,0.1448,not cycle-driven (weak on its own),lags
363,Future General Activity; Percent Reporting N,GAFNNA156MNFRBPHI,REJECTED,9,0.1713,0.0562,0.1151,no,0.0101,0.3169,0.2338,0.2981,no,no,yes,no,0.1284,2020-2022,676,70,regionalfed_future,added,1969-05-01,no,,0.1015,not cycle-driven (weak on its own),true lead
364,Capacity Utilization: Utilities: Electric an,CAPUTLG2211A2S,REJECTED,-13,-0.171,-0.0108,0.1601,no,-0.2802,-0.0489,0.2008,0.2673,no,no,no,no,-0.1237,2023-2025,688,0,grid_datacenter,added,1968-01-01,no,,-0.1723,not cycle-driven (weak on its own),lags
365,Producer Price Index by Commodity: Metals an,WPU10150227,REJECTED,0,0.1696,0.1696,0.0,yes,-0.0499,0.4283,0.8811,0.8947,no,no,yes,no,0.049,2020-2021,394,119,input_ppi,added,1981-12-01,no,,0.0922,not cycle-driven (weak on its own),co-mover
366,Industrial Capacity: Utilities: Electric Pow,CAPG2211S,REJECTED,18,0.1685,-0.0159,0.1526,no,-0.1166,0.5146,0.6384,0.6761,no,no,no,no,-0.0825,1972-1974,683,3,grid_datacenter,added,1968-01-01,no,,0.0997,not cycle-driven (weak on its own),true lead
367,Industrial Production: Durable Consumer Good,IPB51110N,REJECTED,-4,-0.1655,-0.1285,0.037,no,-0.3073,-0.058,0.4745,0.5281,no,no,no,no,-0.1498,2008-2010,697,0,ip_capacity,added,1968-01-01,no,,-0.1839,not cycle-driven (weak on its own),lags
368,New Privately-Owned Housing Units Started: U,HOUST5F,REJECTED,4,-0.1616,-0.1406,0.021,yes,-0.3812,0.0317,0.7582,0.7821,no,no,no,no,-0.0751,1972-1974,697,2,construction,added,1968-01-01,no,,-0.2092,partly survives,co-mover
369,Future General Activity; Percent Reporting I,GAFINA156MNFRBPHI,REJECTED,-24,0.1606,0.0802,0.0804,no,0.0447,0.3032,0.4975,0.5506,no,no,yes,no,0.1228,2023-2025,661,0,regionalfed_future,added,1969-05-01,no,,0.1392,not cycle-driven (weak on its own),lags
370,Future General Activity; Percent Reporting I,GAFISA156MSFRBPHI,REJECTED,-24,0.1605,0.078,0.0824,no,0.0459,0.299,0.5135,0.5604,no,no,yes,no,0.1253,2023-2025,661,0,regionalfed_future,added,1969-05-01,no,,0.1382,not cycle-driven (weak on its own),lags
371,Future Unfilled Orders; Percent Reporting No,UOFNSA156MSFRBPHI,REJECTED,-21,0.1572,-0.1306,0.0266,no,-0.0101,0.2907,0.2108,0.2759,no,no,yes,no,0.046,2023-2025,664,0,orders,added,1969-05-01,no,,0.1416,not cycle-driven (weak on its own),lags
372,Future Unfilled Orders; Percent Reporting No,UOFNNA156MNFRBPHI,REJECTED,-21,0.1542,-0.1306,0.0236,no,-0.0154,0.2868,0.2278,0.2936,no,no,yes,no,0.0421,2023-2025,664,0,orders,added,1969-05-01,no,,0.1377,not cycle-driven (weak on its own),lags
373,Future Capital Expenditures; Percent Reporti,CEFNSA156MSFRBPHI,REJECTED,-7,0.1535,0.0862,0.0673,no,-0.0003,0.2763,0.0909,0.1388,no,no,no,no,0.0932,2020-2022,678,0,regionalfed_future,added,1969-05-01,no,,0.1658,not cycle-driven (weak on its own),lags
374,Capacity Utilization: Utilities: Electric Po,CAPUTLG2211S,REJECTED,-13,-0.1515,-0.0167,0.1348,no,-0.2623,-0.0348,0.5415,0.5893,no,no,no,no,-0.1128,1981-1983,688,0,grid_datacenter,added,1968-01-01,no,,-0.1516,not cycle-driven (weak on its own),lags
375,Industrial Capacity: Utilities: Electric and,CAPG2211A2S,REJECTED,19,0.1513,-0.0514,0.0998,no,-0.1067,0.4677,0.7652,0.7872,no,no,no,no,-0.0627,1972-1974,682,3,grid_datacenter,added,1968-01-01,no,,0.1037,not cycle-driven (weak on its own),true lead
376,Current Unfilled Orders; Percent Reporting N,UOCNSA156MSFRBPHI,REJECTED,-15,0.1492,-0.0958,0.0534,no,-0.0067,0.2835,0.1409,0.2048,no,no,no,no,0.0516,1975-1977,670,0,orders,added,1969-05-01,no,,0.1412,not cycle-driven (weak on its own),lags
377,Current Unfilled Orders; Percent Reporting N,UOCNNA156MNFRBPHI,REJECTED,-15,0.1486,-0.0943,0.0543,no,-0.0045,0.2873,0.1459,0.2082,no,no,no,no,0.0506,1975-1977,670,0,orders,added,1969-05-01,no,,0.1403,not cycle-driven (weak on its own),lags
378,Future Capital Expenditures; Percent Reporti,CEFNNA156MNFRBPHI,REJECTED,-7,0.1485,0.0825,0.066,no,-0.0042,0.2702,0.0929,0.1413,no,no,no,no,0.091,2020-2022,678,0,regionalfed_future,added,1969-05-01,no,,0.1607,not cycle-driven (weak on its own),lags
379,Industrial Production: Durable Consumer Good,IPB51121S,REJECTED,-6,-0.1453,-0.1308,0.0145,no,-0.2984,0.0361,0.5954,0.641,no,no,no,no,-0.0858,1975-1977,695,0,grid_datacenter,added,1968-01-01,no,,-0.1253,not cycle-driven (weak on its own),lags
380,Industrial Production: Durable Consumer Good,IPB51121N,REJECTED,-6,-0.1408,-0.1318,0.009,no,-0.2915,0.039,0.6663,0.6937,no,no,no,no,-0.0827,1975-1977,695,0,grid_datacenter,added,1968-01-01,no,,-0.1191,not cycle-driven (weak on its own),lags
381,Future Work Hours; Percent Reporting Decreas,AWFDSA156MSFRBPHI,REJECTED,24,0.132,0.0356,0.0964,no,0.0023,0.2721,0.6104,0.6517,no,no,no,no,0.081,1978-1980,661,1,regionalfed_future,added,1969-05-01,no,,0.1236,not cycle-driven (weak on its own),true lead
382,Future Work Hours; Percent Reporting Decreas,AWFDNA156MNFRBPHI,REJECTED,24,0.1314,0.0349,0.0966,no,0.0027,0.2731,0.5974,0.6414,no,no,no,no,0.0804,1978-1980,661,1,regionalfed_future,added,1969-05-01,no,,0.1231,not cycle-driven (weak on its own),true lead
383,Capacity Utilization: Utilities: Natural Gas,CAPUTLG2212S,REJECTED,22,-0.1262,0.013,0.1131,no,-0.2236,-0.0085,0.4296,0.4892,no,no,no,no,-0.0791,2020-2022,679,0,grid_datacenter,added,1968-01-01,no,,-0.1385,not cycle-driven (weak on its own),true lead
384,Manufacturing employment,MANEMP,REJECTED,-12,-0.1177,0.0421,0.0756,no,-0.3602,0.1028,0.8691,0.8849,no,no,no,no,-0.0674,2008-2010,689,0,macro,starter,1968-01-01,no,,-0.1389,not cycle-driven (weak on its own),lags
385,Producer Price Index by Industry: Pipeline T,PCU486110486110311,REJECTED,21,0.1158,-0.0579,0.058,no,-0.2676,0.3522,0.983,0.9875,no,no,no,no,-0.0349,2020-2022,447,1,freight,added,1987-06-01,no,,0.1161,not cycle-driven (weak on its own),true lead
386,Future Employment; Percent Reporting Decreas,NEFDSA156MSFRBPHI,REJECTED,-6,0.1146,0.0468,0.0678,no,-0.0464,0.2665,0.6424,0.677,no,no,yes,no,0.0655,2008-2010,679,19,regionalfed_future,added,1969-05-01,no,,0.111,not cycle-driven (weak on its own),lags
387,Future Employment; Percent Reporting Decreas,NEFDNA156MNFRBPHI,REJECTED,-6,0.1142,0.0462,0.068,no,-0.0454,0.2661,0.6444,0.677,no,no,yes,no,0.0655,2008-2010,679,19,regionalfed_future,added,1969-05-01,no,,0.1106,not cycle-driven (weak on its own),lags
388,Future Work Hours; Percent Reporting No Chan,AWFNSA156MSFRBPHI,REJECTED,8,0.1079,0.0023,0.1056,no,-0.0397,0.2366,0.4715,0.5263,no,no,no,no,0.0237,2020-2022,677,112,regionalfed_future,added,1969-05-01,no,,0.0692,not cycle-driven (weak on its own),true lead
389,Future Work Hours; Percent Reporting No Chan,AWFNNA156MNFRBPHI,REJECTED,8,0.1068,-0.0026,0.1043,no,-0.0401,0.2346,0.5065,0.5574,no,no,no,no,0.024,2020-2022,677,112,regionalfed_future,added,1969-05-01,no,,0.0689,not cycle-driven (weak on its own),true lead
390,Future Employment; Diffusion Index for Feder,NEFDFSA066MSFRBPHI,REJECTED,-7,-0.0926,-0.0124,0.0802,no,-0.3542,0.2146,0.985,0.9875,no,no,no,no,0.0142,2020-2022,678,0,regionalfed_future,added,1969-05-01,no,,-0.0848,not cycle-driven (weak on its own),lags
391,Future Employment; Diffusion Index for Feder,NEFDFNA066MNFRBPHI,REJECTED,-7,-0.0922,-0.0119,0.0802,no,-0.3525,0.2154,0.99,0.99,no,no,no,no,0.0138,2020-2022,678,0,regionalfed_future,added,1969-05-01,no,,-0.0845,not cycle-driven (weak on its own),lags
392,Industrial Capacity: Manufacturing Excluding,CAPX4HTK2S,REJECTED,20,-0.0887,-0.0251,0.0636,no,-0.3006,0.1947,0.985,0.9875,no,no,no,no,-0.0335,1969-1971,681,0,grid_datacenter,added,1968-01-01,no,,-0.1132,not cycle-driven (weak on its own),true lead
393,Current Work Hours; Percent Reporting No Cha,AWCNSA156MSFRBPHI,REJECTED,-1,0.0504,0.0387,0.0116,yes,-0.179,0.2672,0.967,0.978,no,no,yes,no,0.0432,1999-2001,684,109,regionalfed_current,added,1969-05-01,no,,0.0308,not cycle-driven (weak on its own),co-mover
394,Current Work Hours; Percent Reporting No Cha,AWCNNA156MNFRBPHI,REJECTED,-1,0.0437,0.0328,0.0108,yes,-0.1825,0.2567,0.968,0.978,no,no,yes,no,0.0362,1999-2001,684,109,regionalfed_current,added,1969-05-01,no,,0.0226,not cycle-driven (weak on its own),co-mover
