fred_id,label,role,category,tier,starter,mechanism,note
PCU335311335311,Transformer PPI (outcome),outcome,outcome,,yes,PPI for Electric Power & Specialty Transformer Manufacturing — the outcome.,
WPUSI019011,Copper PPI,candidate,copper,,yes,Copper is the primary conductor for transformer windings; its input price feeds directly into finished transformer cost.,
WPU102501,Aluminum mill shapes PPI,candidate,aluminum,,yes,Aluminum is the main alternative winding conductor and is used in housings and radiators.,
WPU101,Iron & steel PPI,candidate,steel,,yes,Electrical (silicon) steel forms the transformer core; broad iron & steel prices proxy that core-metal cost.,
WPU1012,Iron & steel scrap PPI,candidate,steel,,yes,Scrap is the feedstock for electric-arc steelmaking; it sits upstream of finished steel and may lead it.,
PCOPPUSDM,Global copper price,candidate,copper,,yes,Independent global (LME-based) copper benchmark; triangulates the domestic copper PPI.,
PALUMUSDM,Global aluminum price,candidate,aluminum,,yes,Independent global aluminum benchmark; triangulates the domestic aluminum PPI.,
PNICKUSDM,Global nickel price,candidate,nickel,,yes,Nickel alloys electrical steels and stainless components; a global proxy for alloying-input cost.,
WTISPLC,WTI crude oil,candidate,energy,,yes,"Energy is a major cost in smelting, rolling and transformer fabrication; crude oil proxies broad energy cost.",
WPU117,Electrical machinery & equip. PPI,candidate,downstream,,yes,Broad electrical-goods price level; a sibling output market that may co-move with transformers.,
IPUTIL,Industrial production: utilities,candidate,demand,,yes,Utility output proxies grid-side demand; stronger grid activity can pull transformer demand and price.,
MANEMP,Manufacturing employment,candidate,macro,,yes,"General manufacturing labour demand; included as a negative-control anchor (weak expected link, per the brief).",Anchor / negative control.
WPU101707,Cold-rolled steel sheet (GOES proxy),candidate,steel,,no,"Grain-oriented electrical steel — the transformer CORE material — is a specialised cold-rolled silicon-steel sheet. FRED has no GOES-specific series, so cold-rolled steel sheet & strip is the closest public PPI to the core input. Mechanistically the strongest single candidate.",Proxy for grain-oriented electrical steel (GOES); no exact GOES PPI exists on FRED.
WPU1026,Nonferrous wire & cable PPI,candidate,wire,,no,"The literal wound-conductor product (copper/aluminum wire & cable) that goes into windings — one step downstream of raw metal, one step upstream of the finished transformer.",
WPU1011,Iron ores PPI,candidate,steel,,no,"Deepest upstream input to the steel core (ore -> steel -> electrical steel); may lead finished steel, and thus transformers, at the longest horizon.",
WPU0576,Finished lubricants PPI,candidate,energy,,no,"Proxy for transformer insulating/mineral oil, a genuine dielectric-coolant input to oil-filled transformers; refined-oil cost distinct from crude.",
PZINCUSDM,Global zinc price,candidate,basemetal,,no,"Zinc galvanises steel transformer tanks, enclosures and structural steel; also a core member of the base-metals price cycle that feeds equipment cost.",
PLEADUSDM,Global lead price,candidate,basemetal,,no,"Lead is used in cable sheathing, some electrical components and counterweights, and triangulates the broad non-ferrous base-metals cycle.",
PTINUSDM,Global tin price,candidate,basemetal,,no,"Tin is the solder that joins electrical connections in transformers, switchgear and assemblies; its price tracks connection/joint material cost.",
WPU1017,Steel mill products PPI,candidate,steel,,no,"Broad finished steel (sheet, plate, structural) fabricated into transformer tanks, cores and mountings — one step downstream of raw iron & steel.",
WPU101705,Steel wire PPI,candidate,steel,,no,"Steel wire is used for core banding, tie/support wire and structural bracing inside coils and assemblies.",
WPU057,Refined petroleum products PPI,candidate,energy,,no,Transformer insulating/mineral oil is a refined-petroleum product; this also proxies broad energy and fabrication cost feeding equipment prices.,
WPU072,Plastic products PPI,candidate,materials,,no,"Plastics form insulation, bushings, coil formers and enclosures in transformers and switchgear; a genuine non-metal input.",
WPU0531,Natural gas PPI,candidate,energy,,no,"Natural gas is a major energy input to metal smelting, rolling and component fabrication (and to grid gas generation); an upstream cost driver.",
WPU054,Electric power PPI,candidate,energy,,no,Electricity is a dominant cost in aluminium and steel production and in fabrication; grid electricity price proxies that energy input.,
IPMAN,Industrial production: manufacturing,candidate,demand,,no,Broad manufacturing output cycle; rising activity pulls electrical-equipment orders and tightens input-material demand ahead of price moves.,
MCUMFN,Capacity utilization: manufacturing,candidate,demand,,no,"High utilisation signals supply tightness across manufacturing, which precedes upward pressure on equipment and input prices.",
A35SNO,New orders: electrical equipment,candidate,demand,,no,"Manufacturers' new orders for electrical equipment, appliances & components — a direct forward-demand signal for the very goods transformers belong to; orders lead shipments and prices.",
TLPWRCONS,Construction spending: power,candidate,demand,,no,Spending on power/grid construction directly pulls demand for transformers and grid equipment; the build cycle should lead equipment prices.,
CES3133500001,Employment: electrical-equip mfg,candidate,macro,,no,"Payrolls in electrical-equipment, appliance & component manufacturing proxy sector activity; hiring tracks the production/pricing cycle for this industry.",
GS10,10-Year Treasury yield,candidate,financial,,no,Financing cost for capital-intensive grid and utility investment; rate moves lead the capex/build cycle that drives transformer demand. (Caveat: YoY of a yield is an unusual transform — interpret with care.),
PERMIT,Authorized in Permit-Issuing Places: Total U,candidate,construction,demand-forward,no,Construction/permit activity in the building pipeline; the build cycle leads electrical-equipment demand ahead of transformer orders and prices.,
PERMIT1,Authorized in Permit-Issuing Places: Single-,candidate,construction,demand-forward,no,Construction/permit activity in the building pipeline; the build cycle leads electrical-equipment demand ahead of transformer orders and prices.,
HOUST,Started: Total Units,candidate,construction,demand-forward,no,Construction/permit activity in the building pipeline; the build cycle leads electrical-equipment demand ahead of transformer orders and prices.,
HOUST1F,Started: Single-Family Units,candidate,construction,demand-forward,no,Construction/permit activity in the building pipeline; the build cycle leads electrical-equipment demand ahead of transformer orders and prices.,
PBPWRCONS,Total Public Construction Spending: Power,candidate,construction,demand-forward,no,Construction/permit activity in the building pipeline; the build cycle leads electrical-equipment demand ahead of transformer orders and prices.,
TLMFGCONS,Manufacturing,candidate,construction,demand-forward,no,Construction/permit activity in the building pipeline; the build cycle leads electrical-equipment demand ahead of transformer orders and prices.,
TLNRESCONS,Nonresidential,candidate,construction,demand-forward,no,Construction/permit activity in the building pipeline; the build cycle leads electrical-equipment demand ahead of transformer orders and prices.,
TTLCONS,Total Construction,candidate,construction,demand-forward,no,Construction/permit activity in the building pipeline; the build cycle leads electrical-equipment demand ahead of transformer orders and prices.,
TLRESCONS,Residential,candidate,construction,demand-forward,no,Construction/permit activity in the building pipeline; the build cycle leads electrical-equipment demand ahead of transformer orders and prices.,
AMTMUO,Unfilled Orders: Total Manufacturing,candidate,orders,demand-forward,no,Manufacturers' new/unfilled orders — forward demand and backlog for equipment; orders lead shipments and prices.,
A35SUO,"Unfilled Orders: Electrical Equipment, Appli",candidate,orders,demand-forward,no,Manufacturers' new/unfilled orders — forward demand and backlog for equipment; orders lead shipments and prices.,
A34SNO,New Orders: Computers and Electronic Product,candidate,orders,demand-forward,no,Manufacturers' new/unfilled orders — forward demand and backlog for equipment; orders lead shipments and prices.,
A33SNO,New Orders: Machinery,candidate,orders,demand-forward,no,Manufacturers' new/unfilled orders — forward demand and backlog for equipment; orders lead shipments and prices.,
A32SNO,New Orders: Fabricated Metal Products,candidate,orders,demand-forward,no,Manufacturers' new/unfilled orders — forward demand and backlog for equipment; orders lead shipments and prices.,
A31SNO,New Orders: Primary Metals,candidate,orders,demand-forward,no,Manufacturers' new/unfilled orders — forward demand and backlog for equipment; orders lead shipments and prices.,
ANDENO,New Orders: Nondefense Capital Goods,candidate,orders,demand-forward,no,Manufacturers' new/unfilled orders — forward demand and backlog for equipment; orders lead shipments and prices.,
DGORDER,New Orders: Durable Goods,candidate,orders,demand-forward,no,Manufacturers' new/unfilled orders — forward demand and backlog for equipment; orders lead shipments and prices.,
AMTMNO,New Orders: Total Manufacturing,candidate,orders,demand-forward,no,Manufacturers' new/unfilled orders — forward demand and backlog for equipment; orders lead shipments and prices.,
NEWORDER,New Orders: Nondefense Capital Goods Excludi,candidate,orders,demand-forward,no,Manufacturers' new/unfilled orders — forward demand and backlog for equipment; orders lead shipments and prices.,
ISRATIO,Total Business: Inventories to Sales Ratio,candidate,inventories,demand-forward,no,Inventories-to-sales ratio; a supply/demand-imbalance gauge that leads price pressure (low I/S = tightening).,
MNFCTRIRSA,Manufacturers: Inventories to Sales Ratio,candidate,inventories,demand-forward,no,Inventories-to-sales ratio; a supply/demand-imbalance gauge that leads price pressure (low I/S = tightening).,
RETAILIRSA,Retailers: Inventories to Sales Ratio,candidate,inventories,demand-forward,no,Inventories-to-sales ratio; a supply/demand-imbalance gauge that leads price pressure (low I/S = tightening).,
T10Y2Y,10-Year Treasury Constant Maturity Minus 2-Y,candidate,rates,financial-forward,no,"Interest-rate / yield-curve signal; financing cost for capital-intensive grid investment, which leads the capex/build cycle.",
T10Y3M,10-Year Treasury Constant Maturity Minus 3-M,candidate,rates,financial-forward,no,"Interest-rate / yield-curve signal; financing cost for capital-intensive grid investment, which leads the capex/build cycle.",
DFII10,"10-Year Constant Maturity, Quoted on an Inve",candidate,rates,financial-forward,no,"Interest-rate / yield-curve signal; financing cost for capital-intensive grid investment, which leads the capex/build cycle.",
GS2,"2-Year Constant Maturity, Quoted on an Inves",candidate,rates,financial-forward,no,"Interest-rate / yield-curve signal; financing cost for capital-intensive grid investment, which leads the capex/build cycle.",
GS1,"1-Year Constant Maturity, Quoted on an Inves",candidate,rates,financial-forward,no,"Interest-rate / yield-curve signal; financing cost for capital-intensive grid investment, which leads the capex/build cycle.",
FEDFUNDS,Federal Funds Effective Rate,candidate,rates,financial-forward,no,"Interest-rate / yield-curve signal; financing cost for capital-intensive grid investment, which leads the capex/build cycle.",
MORTGAGE30US,30-Year Fixed Rate Mortgage Average,candidate,rates,financial-forward,no,"Interest-rate / yield-curve signal; financing cost for capital-intensive grid investment, which leads the capex/build cycle.",
TB3MS,"3-Month Treasury Bill Secondary Market Rate,",candidate,rates,financial-forward,no,"Interest-rate / yield-curve signal; financing cost for capital-intensive grid investment, which leads the capex/build cycle.",
BAA10Y,Baa Corporate Bond Yield Relative to Yield o,candidate,credit,financial-forward,no,Corporate credit spread / bond yield; risk appetite and financing cost that lead industrial investment.,
AAA10Y,Aaa Corporate Bond Yield Relative to Yield o,candidate,credit,financial-forward,no,Corporate credit spread / bond yield; risk appetite and financing cost that lead industrial investment.,
BAA,Baa Corporate Bond Yield,candidate,credit,financial-forward,no,Corporate credit spread / bond yield; risk appetite and financing cost that lead industrial investment.,
AAA,Aaa Corporate Bond Yield,candidate,credit,financial-forward,no,Corporate credit spread / bond yield; risk appetite and financing cost that lead industrial investment.,
T5YIE,5-Year Breakeven Inflation Rate,candidate,expectations,financial-forward,no,Market / survey inflation expectations; a forward read on input-cost inflation.,
T10YIE,10-Year Breakeven Inflation Rate,candidate,expectations,financial-forward,no,Market / survey inflation expectations; a forward read on input-cost inflation.,
T5YIFR,"5-Year, 5-Year Forward Inflation Expectation",candidate,expectations,financial-forward,no,Market / survey inflation expectations; a forward read on input-cost inflation.,
EXPINF1YR,1-Year Expected Inflation,candidate,expectations,financial-forward,no,Market / survey inflation expectations; a forward read on input-cost inflation.,
MICH,Inflation Expectation,candidate,expectations,financial-forward,no,Market / survey inflation expectations; a forward read on input-cost inflation.,
DTWEXBGS,Nominal Broad U.S. Dollar Index,candidate,dollar,financial-forward,no,Trade-weighted US dollar; FX moves imported input costs and global commodity prices with a lead.,
DTWEXAFEGS,Nominal Advanced Foreign Economies U.S. Doll,candidate,dollar,financial-forward,no,Trade-weighted US dollar; FX moves imported input costs and global commodity prices with a lead.,
UMCSENT,Consumer Sentiment,candidate,sentiment,financial-forward,no,Consumer sentiment; a forward demand proxy.,
IR1,Import: Industrial Supplies & Materials,candidate,import,input-upstream,no,Import price index; imported input costs tend to lead domestic PPI.,
IR1EXFUEL,Import: Ind. Supplies & Materials (ex-fuel),candidate,import,input-upstream,no,Import price index; imported input costs tend to lead domestic PPI.,
IR1DUR,Import: Ind. Supplies & Materials (durable),candidate,import,input-upstream,no,Import price index; imported input costs tend to lead domestic PPI.,
IR14260,Import: Zinc,candidate,import,input-upstream,no,Import price index; imported input costs tend to lead domestic PPI.,
IR14220,Import: Copper,candidate,import,input-upstream,no,Import price index; imported input costs tend to lead domestic PPI.,
PCU484484,Truck Transportation,candidate,freight,input-upstream,no,Freight / transport cost; a fast-moving trade-cost signal that can lead delivered input prices.,
WPU3012,Transportation Services: Truck Transportatio,candidate,freight,input-upstream,no,Freight / transport cost; a fast-moving trade-cost signal that can lead delivered input prices.,
GAFDFSA066MSFRBPHI,Future General Activity,candidate,regionalfed_future,demand-forward,no,Regional-Fed survey FUTURE (6-month-ahead) expectation; a purpose-built forward indicator of orders / prices / capex.,
NOFDFSA066MSFRBPHI,Future New Orders,candidate,regionalfed_future,demand-forward,no,Regional-Fed survey FUTURE (6-month-ahead) expectation; a purpose-built forward indicator of orders / prices / capex.,
PPFDFSA066MSFRBPHI,Future Prices Paid,candidate,regionalfed_future,demand-forward,no,Regional-Fed survey FUTURE (6-month-ahead) expectation; a purpose-built forward indicator of orders / prices / capex.,
PRFDFSA066MSFRBPHI,Future Prices Received,candidate,regionalfed_future,demand-forward,no,Regional-Fed survey FUTURE (6-month-ahead) expectation; a purpose-built forward indicator of orders / prices / capex.,
CEFDFSA066MSFRBPHI,Future Capital Expenditures,candidate,regionalfed_future,demand-forward,no,Regional-Fed survey FUTURE (6-month-ahead) expectation; a purpose-built forward indicator of orders / prices / capex.,
NOFDISA066MSFRBNY,Future New Orders,candidate,regionalfed_future,demand-forward,no,Regional-Fed survey FUTURE (6-month-ahead) expectation; a purpose-built forward indicator of orders / prices / capex.,
PPFDISA066MSFRBNY,Future Prices Paid,candidate,regionalfed_future,demand-forward,no,Regional-Fed survey FUTURE (6-month-ahead) expectation; a purpose-built forward indicator of orders / prices / capex.,
CEFDISA066MSFRBNY,Future Capital Expenditures,candidate,regionalfed_future,demand-forward,no,Regional-Fed survey FUTURE (6-month-ahead) expectation; a purpose-built forward indicator of orders / prices / capex.,
GACDFSA066MSFRBPHI,Current General Activity,candidate,regionalfed_current,demand-activity,no,Regional-Fed survey CURRENT diffusion; near-real-time activity/price reading (largely coincident).,
NOCDFSA066MSFRBPHI,Current New Orders,candidate,regionalfed_current,demand-activity,no,Regional-Fed survey CURRENT diffusion; near-real-time activity/price reading (largely coincident).,
PPCDFSA066MSFRBPHI,Current Prices Paid,candidate,regionalfed_current,demand-activity,no,Regional-Fed survey CURRENT diffusion; near-real-time activity/price reading (largely coincident).,
PRCDFSA066MSFRBPHI,Current Prices Received,candidate,regionalfed_current,demand-activity,no,Regional-Fed survey CURRENT diffusion; near-real-time activity/price reading (largely coincident).,
DTCDFSA066MSFRBPHI,Current Delivery Time,candidate,regionalfed_current,demand-activity,no,Regional-Fed survey CURRENT diffusion; near-real-time activity/price reading (largely coincident).,
UOCDFSA066MSFRBPHI,Current Unfilled Orders,candidate,regionalfed_current,demand-activity,no,Regional-Fed survey CURRENT diffusion; near-real-time activity/price reading (largely coincident).,
NECDFSA066MSFRBPHI,Current Employment,candidate,regionalfed_current,demand-activity,no,Regional-Fed survey CURRENT diffusion; near-real-time activity/price reading (largely coincident).,
GACDISA066MSFRBNY,Current General Business Conditions,candidate,regionalfed_current,demand-activity,no,Regional-Fed survey CURRENT diffusion; near-real-time activity/price reading (largely coincident).,
NOCDISA066MSFRBNY,Current New Orders,candidate,regionalfed_current,demand-activity,no,Regional-Fed survey CURRENT diffusion; near-real-time activity/price reading (largely coincident).,
PPCDISA066MSFRBNY,Current Prices Paid,candidate,regionalfed_current,demand-activity,no,Regional-Fed survey CURRENT diffusion; near-real-time activity/price reading (largely coincident).,
DTCDISA066MSFRBNY,Current Delivery Time,candidate,regionalfed_current,demand-activity,no,Regional-Fed survey CURRENT diffusion; near-real-time activity/price reading (largely coincident).,
POILBREUSDM,Brent Crude,candidate,commodity,triangulation,no,Global commodity benchmark; triangulates the traded-input price cycle (may duplicate a domestic force).,
PIORECRUSDM,Iron Ore,candidate,commodity,triangulation,no,Global commodity benchmark; triangulates the traded-input price cycle (may duplicate a domestic force).,
PNGASUSUSDM,"Natural Gas, US Henry Hub Gas",candidate,commodity,triangulation,no,Global commodity benchmark; triangulates the traded-input price cycle (may duplicate a domestic force).,
POILWTIUSDM,WTI Crude,candidate,commodity,triangulation,no,Global commodity benchmark; triangulates the traded-input price cycle (may duplicate a domestic force).,
PCOALAUUSDM,"Coal, Australia",candidate,commodity,triangulation,no,Global commodity benchmark; triangulates the traded-input price cycle (may duplicate a domestic force).,
PURANUSDM,Uranium,candidate,commodity,triangulation,no,Global commodity benchmark; triangulates the traded-input price cycle (may duplicate a domestic force).,
PRUBBUSDM,Rubber,candidate,commodity,triangulation,no,Global commodity benchmark; triangulates the traded-input price cycle (may duplicate a domestic force).,
IPMINE,Mining: Mining (NAICS = 21),candidate,ip,demand-activity,no,Industrial production for a related industry; the output cycle (largely coincident with prices).,
IPG331S,Manufacturing: Durable Goods: Primary Metal,candidate,ip,demand-activity,no,Industrial production for a related industry; the output cycle (largely coincident with prices).,
IPG332S,Manufacturing: Durable Goods: Fabricated Met,candidate,ip,demand-activity,no,Industrial production for a related industry; the output cycle (largely coincident with prices).,
IPG333S,Manufacturing: Durable Goods: Machinery (NAI,candidate,ip,demand-activity,no,Industrial production for a related industry; the output cycle (largely coincident with prices).,
IPG335S,Manufacturing: Durable Goods: Electrical Equ,candidate,ip,demand-activity,no,Industrial production for a related industry; the output cycle (largely coincident with prices).,
IPG3311A2S,Manufacturing: Durable Goods: Iron and Steel,candidate,ip,demand-activity,no,Industrial production for a related industry; the output cycle (largely coincident with prices).,
IPGMFN,Manufacturing (NAICS),candidate,ip,demand-activity,no,Industrial production for a related industry; the output cycle (largely coincident with prices).,
IPDMAT,Durable Goods Materials: Durable Goods Mater,candidate,ip,demand-activity,no,Industrial production for a related industry; the output cycle (largely coincident with prices).,
IPB50089S,"Energy, Total",candidate,ip,demand-activity,no,Industrial production for a related industry; the output cycle (largely coincident with prices).,
IPMAT,Materials,candidate,ip,demand-activity,no,Industrial production for a related industry; the output cycle (largely coincident with prices).,
CAPUTLG331S,Manufacturing: Durable Goods: Primary Metal,candidate,capacity,demand-activity,no,Capacity utilization for a related industry; supply tightness that can precede price pressure.,
CAPUTLG333S,Manufacturing: Durable Goods: Machinery (NAI,candidate,capacity,demand-activity,no,Capacity utilization for a related industry; supply tightness that can precede price pressure.,
CAPUTLG335S,Manufacturing: Durable Goods: Electrical Equ,candidate,capacity,demand-activity,no,Capacity utilization for a related industry; supply tightness that can precede price pressure.,
CES3133100001,Primary Metal Manufacturing,candidate,employment,demand-activity,no,Sector employment; an activity proxy (coincident/lagging).,
CES3133200001,Fabricated Metal Product Manufacturing,candidate,employment,demand-activity,no,Sector employment; an activity proxy (coincident/lagging).,
CES3133300001,Machinery Manufacturing,candidate,employment,demand-activity,no,Sector employment; an activity proxy (coincident/lagging).,
CES1021100001,Oil and Gas Extraction,candidate,employment,demand-activity,no,Sector employment; an activity proxy (coincident/lagging).,
USCONS,Construction,candidate,employment,demand-activity,no,Sector employment; an activity proxy (coincident/lagging).,
PCUOMFGOMFG,Total Manufacturing Industries,candidate,mfg_price,price-broad,no,Broad manufacturing producer price; expected to co-move with transformer prices rather than lead.,
WPU10,Metals and Metal Products,candidate,ppi_metals,price-broad,no,Producer price for a metals/metal-products group — a material-input signal; included to map the force structure and triangulate (expected co-mover).,
WPU102,Metals and Metal Products: Nonferrous Metals,candidate,ppi_metals,price-broad,no,Producer price for a metals/metal-products group — a material-input signal; included to map the force structure and triangulate (expected co-mover).,
WPU103,Metals and Metal Products: Metal Containers,candidate,ppi_metals,price-broad,no,Producer price for a metals/metal-products group — a material-input signal; included to map the force structure and triangulate (expected co-mover).,
WPU104,Metals and Metal Products: Hardware,candidate,ppi_metals,price-broad,no,Producer price for a metals/metal-products group — a material-input signal; included to map the force structure and triangulate (expected co-mover).,
WPU105,Metals and Metal Products: Plumbing Fixtures,candidate,ppi_metals,price-broad,no,Producer price for a metals/metal-products group — a material-input signal; included to map the force structure and triangulate (expected co-mover).,
WPU106,Metals and Metal Products: Heating Equipment,candidate,ppi_metals,price-broad,no,Producer price for a metals/metal-products group — a material-input signal; included to map the force structure and triangulate (expected co-mover).,
WPU107,Metals and Metal Products: Fabricated Struct,candidate,ppi_metals,price-broad,no,Producer price for a metals/metal-products group — a material-input signal; included to map the force structure and triangulate (expected co-mover).,
WPU108,Metals and Metal Products: Miscellaneous Met,candidate,ppi_metals,price-broad,no,Producer price for a metals/metal-products group — a material-input signal; included to map the force structure and triangulate (expected co-mover).,
WPU1015,Metals and Metal Products: Foundry and Forge,candidate,ppi_metals,price-broad,no,Producer price for a metals/metal-products group — a material-input signal; included to map the force structure and triangulate (expected co-mover).,
WPU1016,Producer Price Index by Commodity for Metals,candidate,ppi_metals,price-broad,no,Producer price for a metals/metal-products group — a material-input signal; included to map the force structure and triangulate (expected co-mover).,
WPU1021,Metals and Metal Products: Nonferrous Metal,candidate,ppi_metals,price-broad,no,Producer price for a metals/metal-products group — a material-input signal; included to map the force structure and triangulate (expected co-mover).,
WPU1022,Metals and Metal Products: Primary Nonferrou,candidate,ppi_metals,price-broad,no,Producer price for a metals/metal-products group — a material-input signal; included to map the force structure and triangulate (expected co-mover).,
WPU1023,Metals and Metal Products: Nonferrous Scrap,candidate,ppi_metals,price-broad,no,Producer price for a metals/metal-products group — a material-input signal; included to map the force structure and triangulate (expected co-mover).,
WPU1024,Metals and Metal Products: Secondary Nonferr,candidate,ppi_metals,price-broad,no,Producer price for a metals/metal-products group — a material-input signal; included to map the force structure and triangulate (expected co-mover).,
WPU1025,Metals and Metal Products: Nonferrous Mill S,candidate,ppi_metals,price-broad,no,Producer price for a metals/metal-products group — a material-input signal; included to map the force structure and triangulate (expected co-mover).,
WPU1027,Metals and Metal Products: Nonferrous Forge,candidate,ppi_metals,price-broad,no,Producer price for a metals/metal-products group — a material-input signal; included to map the force structure and triangulate (expected co-mover).,
WPU1028,Metals and Metal Products: Nonferrous Foundr,candidate,ppi_metals,price-broad,no,Producer price for a metals/metal-products group — a material-input signal; included to map the force structure and triangulate (expected co-mover).,
WPU1031,Metals and Metal Products: Metal Cans and Ca,candidate,ppi_metals,price-broad,no,Producer price for a metals/metal-products group — a material-input signal; included to map the force structure and triangulate (expected co-mover).,
WPU1032,"Metals and Metal Products: Barrels, Drums, P",candidate,ppi_metals,price-broad,no,Producer price for a metals/metal-products group — a material-input signal; included to map the force structure and triangulate (expected co-mover).,
WPU1041,"Metals and Metal Products: Hardware, Not Els",candidate,ppi_metals,price-broad,no,Producer price for a metals/metal-products group — a material-input signal; included to map the force structure and triangulate (expected co-mover).,
WPU1042,Metals and Metal Products: Hand and Edge Too,candidate,ppi_metals,price-broad,no,Producer price for a metals/metal-products group — a material-input signal; included to map the force structure and triangulate (expected co-mover).,
WPU1052,Metals and Metal Products: Vitreous China Pl,candidate,ppi_metals,price-broad,no,Producer price for a metals/metal-products group — a material-input signal; included to map the force structure and triangulate (expected co-mover).,
WPU06,Chemicals and Allied Products,candidate,ppi_chemicals,price-broad,no,"Producer price for a chemicals group (resins, coatings, treatment chemicals) — a non-metal input signal (expected co-mover).",
WPU061,Chemicals and Allied Products: Industrial Ch,candidate,ppi_chemicals,price-broad,no,"Producer price for a chemicals group (resins, coatings, treatment chemicals) — a non-metal input signal (expected co-mover).",
WPU062,Chemicals and Allied Products: Paints and Al,candidate,ppi_chemicals,price-broad,no,"Producer price for a chemicals group (resins, coatings, treatment chemicals) — a non-metal input signal (expected co-mover).",
WPU063,Chemicals and Allied Products: Drugs and Pha,candidate,ppi_chemicals,price-broad,no,"Producer price for a chemicals group (resins, coatings, treatment chemicals) — a non-metal input signal (expected co-mover).",
WPU064,Chemicals and Allied Products: Fats and Oils,candidate,ppi_chemicals,price-broad,no,"Producer price for a chemicals group (resins, coatings, treatment chemicals) — a non-metal input signal (expected co-mover).",
WPU065,Chemicals and Allied Products: Agricultural,candidate,ppi_chemicals,price-broad,no,"Producer price for a chemicals group (resins, coatings, treatment chemicals) — a non-metal input signal (expected co-mover).",
WPU066,Chemicals and Allied Products: Plastic Resin,candidate,ppi_chemicals,price-broad,no,"Producer price for a chemicals group (resins, coatings, treatment chemicals) — a non-metal input signal (expected co-mover).",
WPU067,Chemicals and Allied Products: Other Chemica,candidate,ppi_chemicals,price-broad,no,"Producer price for a chemicals group (resins, coatings, treatment chemicals) — a non-metal input signal (expected co-mover).",
WPU0613,Chemicals and Allied Products: Basic Inorgan,candidate,ppi_chemicals,price-broad,no,"Producer price for a chemicals group (resins, coatings, treatment chemicals) — a non-metal input signal (expected co-mover).",
WPU0614,Chemicals and Allied Products: Basic Organic,candidate,ppi_chemicals,price-broad,no,"Producer price for a chemicals group (resins, coatings, treatment chemicals) — a non-metal input signal (expected co-mover).",
WPU0621,Chemicals and Allied Products: Prepared Pain,candidate,ppi_chemicals,price-broad,no,"Producer price for a chemicals group (resins, coatings, treatment chemicals) — a non-metal input signal (expected co-mover).",
WPU0622,Chemicals and Allied Products: Paint Materia,candidate,ppi_chemicals,price-broad,no,"Producer price for a chemicals group (resins, coatings, treatment chemicals) — a non-metal input signal (expected co-mover).",
WPU07,Rubber and Plastic Products,candidate,ppi_plastics_rubber,price-broad,no,Producer price for a plastics/rubber-products group — insulation/enclosure input (expected co-mover).,
WPU071,Rubber and Plastic Products: Rubber and Rubb,candidate,ppi_plastics_rubber,price-broad,no,Producer price for a plastics/rubber-products group — insulation/enclosure input (expected co-mover).,
WPU0711,Rubber and Plastic Products: Synthetic Rubbe,candidate,ppi_plastics_rubber,price-broad,no,Producer price for a plastics/rubber-products group — insulation/enclosure input (expected co-mover).,
WPU0712,"Rubber and Plastic Products: Tires, Tubes, T",candidate,ppi_plastics_rubber,price-broad,no,Producer price for a plastics/rubber-products group — insulation/enclosure input (expected co-mover).,
WPU0713,Rubber and Plastic Products: Miscellaneous R,candidate,ppi_plastics_rubber,price-broad,no,Producer price for a plastics/rubber-products group — insulation/enclosure input (expected co-mover).,
WPU0721,Rubber and Plastic Products: Plastic Constru,candidate,ppi_plastics_rubber,price-broad,no,Producer price for a plastics/rubber-products group — insulation/enclosure input (expected co-mover).,
WPU0722,Rubber and Plastic Products: Unsupported Pla,candidate,ppi_plastics_rubber,price-broad,no,Producer price for a plastics/rubber-products group — insulation/enclosure input (expected co-mover).,
WPU0723,Rubber and Plastic Products: Laminated Plast,candidate,ppi_plastics_rubber,price-broad,no,Producer price for a plastics/rubber-products group — insulation/enclosure input (expected co-mover).,
WPU051,Fuels and Related Products and Power: Coal,candidate,ppi_fuels_power,price-broad,no,Producer price for a fuels-and-power group — energy input to metal production and fabrication (expected co-mover).,
WPU053,Fuels and Related Products and Power: Gas Fu,candidate,ppi_fuels_power,price-broad,no,Producer price for a fuels-and-power group — energy input to metal production and fabrication (expected co-mover).,
WPU055,Fuels and Related Products and Power: Utilit,candidate,ppi_fuels_power,price-broad,no,Producer price for a fuels-and-power group — energy input to metal production and fabrication (expected co-mover).,
WPU056,Fuels and Related Products and Power: Crude,candidate,ppi_fuels_power,price-broad,no,Producer price for a fuels-and-power group — energy input to metal production and fabrication (expected co-mover).,
WPU058,Fuels and Related Products and Power: Asphal,candidate,ppi_fuels_power,price-broad,no,Producer price for a fuels-and-power group — energy input to metal production and fabrication (expected co-mover).,
WPU0511,Fuels and Related Products and Power: Anthra,candidate,ppi_fuels_power,price-broad,no,Producer price for a fuels-and-power group — energy input to metal production and fabrication (expected co-mover).,
WPU0512,Fuels and Related Products and Power: Bitumi,candidate,ppi_fuels_power,price-broad,no,Producer price for a fuels-and-power group — energy input to metal production and fabrication (expected co-mover).,
WPU0513,Fuels and Related Products and Power: Coal,candidate,ppi_fuels_power,price-broad,no,Producer price for a fuels-and-power group — energy input to metal production and fabrication (expected co-mover).,
WPU0532,Fuels and Related Products and Power: Natura,candidate,ppi_fuels_power,price-broad,no,Producer price for a fuels-and-power group — energy input to metal production and fabrication (expected co-mover).,
WPU0541,Fuels and Related Products and Power: Reside,candidate,ppi_fuels_power,price-broad,no,Producer price for a fuels-and-power group — energy input to metal production and fabrication (expected co-mover).,
WPU11,Machinery and Equipment,candidate,ppi_machinery,price-broad,no,Producer price for a machinery/equipment group — sibling capital-goods price (expected co-mover).,
WPU111,Machinery and Equipment: Agricultural Machin,candidate,ppi_machinery,price-broad,no,Producer price for a machinery/equipment group — sibling capital-goods price (expected co-mover).,
WPU112,Machinery and Equipment: Construction Machin,candidate,ppi_machinery,price-broad,no,Producer price for a machinery/equipment group — sibling capital-goods price (expected co-mover).,
WPU113,Machinery and Equipment: Metalworking Machin,candidate,ppi_machinery,price-broad,no,Producer price for a machinery/equipment group — sibling capital-goods price (expected co-mover).,
WPU114,Machinery and Equipment: General Purpose Mac,candidate,ppi_machinery,price-broad,no,Producer price for a machinery/equipment group — sibling capital-goods price (expected co-mover).,
WPU115,Machinery and Equipment: Electronic Computer,candidate,ppi_machinery,price-broad,no,Producer price for a machinery/equipment group — sibling capital-goods price (expected co-mover).,
WPU116,Machinery and Equipment: Special Industry Ma,candidate,ppi_machinery,price-broad,no,Producer price for a machinery/equipment group — sibling capital-goods price (expected co-mover).,
WPU118,Machinery and Equipment: Miscellaneous Instr,candidate,ppi_machinery,price-broad,no,Producer price for a machinery/equipment group — sibling capital-goods price (expected co-mover).,
WPU119,Machinery and Equipment: Miscellaneous Machi,candidate,ppi_machinery,price-broad,no,Producer price for a machinery/equipment group — sibling capital-goods price (expected co-mover).,
WPU1114,Machinery and Equipment: Agricultural Machin,candidate,ppi_machinery,price-broad,no,Producer price for a machinery/equipment group — sibling capital-goods price (expected co-mover).,
WPU112A,Machinery and Equipment: Tractors and Attach,candidate,ppi_machinery,price-broad,no,Producer price for a machinery/equipment group — sibling capital-goods price (expected co-mover).,
WPU112B,"Machinery and Equipment: Power Cranes, Dragl",candidate,ppi_machinery,price-broad,no,Producer price for a machinery/equipment group — sibling capital-goods price (expected co-mover).,
WPU112C,"Machinery and Equipment: Mixers, Pavers, and",candidate,ppi_machinery,price-broad,no,Producer price for a machinery/equipment group — sibling capital-goods price (expected co-mover).,
WPU112D,"Machinery and Equipment: Off-Highway, Equipm",candidate,ppi_machinery,price-broad,no,Producer price for a machinery/equipment group — sibling capital-goods price (expected co-mover).,
WPU112J,Machinery and Equipment: Miscellaneous Const,candidate,ppi_machinery,price-broad,no,Producer price for a machinery/equipment group — sibling capital-goods price (expected co-mover).,
WPU112K,Machinery and Equipment: Parts for Construct,candidate,ppi_machinery,price-broad,no,Producer price for a machinery/equipment group — sibling capital-goods price (expected co-mover).,
PPICMM,Producer Price Index by Commodity: Metals an,candidate,input_ppi,input-upstream,no,"Upstream input material/energy cost (metals, energy, materials) that feeds finished transformer cost.",
WPS101,Producer Price Index by Commodity: Metals an,candidate,input_ppi,input-upstream,no,"Upstream input material/energy cost (metals, energy, materials) that feeds finished transformer cost.",
WPS102,Producer Price Index by Commodity: Metals an,candidate,input_ppi,input-upstream,no,"Upstream input material/energy cost (metals, energy, materials) that feeds finished transformer cost.",
WPS105,Producer Price Index by Commodity: Metals an,candidate,input_ppi,input-upstream,no,"Upstream input material/energy cost (metals, energy, materials) that feeds finished transformer cost.",
WPS107,Producer Price Index by Commodity: Metals an,candidate,input_ppi,input-upstream,no,"Upstream input material/energy cost (metals, energy, materials) that feeds finished transformer cost.",
WPS1012,Producer Price Index by Commodity: Metals an,candidate,input_ppi,input-upstream,no,"Upstream input material/energy cost (metals, energy, materials) that feeds finished transformer cost.",
WPS1023,Producer Price Index by Commodity: Metals an,candidate,input_ppi,input-upstream,no,"Upstream input material/energy cost (metals, energy, materials) that feeds finished transformer cost.",
WPS102302,Producer Price Index by Commodity: Metals an,candidate,input_ppi,input-upstream,no,"Upstream input material/energy cost (metals, energy, materials) that feeds finished transformer cost.",
WPS1054,Producer Price Index by Commodity: Metals an,candidate,input_ppi,input-upstream,no,"Upstream input material/energy cost (metals, energy, materials) that feeds finished transformer cost.",
WPS1074,Producer Price Index by Commodity: Metals an,candidate,input_ppi,input-upstream,no,"Upstream input material/energy cost (metals, energy, materials) that feeds finished transformer cost.",
WPS1028,Producer Price Index by Commodity: Metals an,candidate,input_ppi,input-upstream,no,"Upstream input material/energy cost (metals, energy, materials) that feeds finished transformer cost.",
WPU101502,Producer Price Index by Commodity: Metals an,candidate,input_ppi,input-upstream,no,"Upstream input material/energy cost (metals, energy, materials) that feeds finished transformer cost.",
WPU10150227,Producer Price Index by Commodity: Metals an,candidate,input_ppi,input-upstream,no,"Upstream input material/energy cost (metals, energy, materials) that feeds finished transformer cost.",
WPU101504,Producer Price Index by Commodity: Metals an,candidate,input_ppi,input-upstream,no,"Upstream input material/energy cost (metals, energy, materials) that feeds finished transformer cost.",
WPU10150211,Producer Price Index by Commodity: Metals an,candidate,input_ppi,input-upstream,no,"Upstream input material/energy cost (metals, energy, materials) that feeds finished transformer cost.",
WPU101505,Producer Price Index by Commodity: Metals an,candidate,input_ppi,input-upstream,no,"Upstream input material/energy cost (metals, energy, materials) that feeds finished transformer cost.",
WPU10150501,Producer Price Index by Commodity: Metals an,candidate,input_ppi,input-upstream,no,"Upstream input material/energy cost (metals, energy, materials) that feeds finished transformer cost.",
WPU101506,Producer Price Index by Commodity: Metals an,candidate,input_ppi,input-upstream,no,"Upstream input material/energy cost (metals, energy, materials) that feeds finished transformer cost.",
IR0,"Import Price Index (End Use): Foods, Feeds,",candidate,import,input-upstream,no,"Imported input cost (metals, capital goods, industrial supplies); delivered import prices lead domestic transformer input PPI.",
IR21,Import Price Index (End Use): Nonelectrical,candidate,import,input-upstream,no,"Imported input cost (metals, capital goods, industrial supplies); delivered import prices lead domestic transformer input PPI.",
IR41,"Import Price Index (End Use): Durables, Manu",candidate,import,input-upstream,no,"Imported input cost (metals, capital goods, industrial supplies); delivered import prices lead domestic transformer input PPI.",
IR2,"Import Price Index (End Use): Capital Goods,",candidate,import,input-upstream,no,"Imported input cost (metals, capital goods, industrial supplies); delivered import prices lead domestic transformer input PPI.",
IR21120,Import Price Index (End Use): Metal Working,candidate,import,input-upstream,no,"Imported input cost (metals, capital goods, industrial supplies); delivered import prices lead domestic transformer input PPI.",
IR41000,"Import Price Index (End Use): Furniture, Hou",candidate,import,input-upstream,no,"Imported input cost (metals, capital goods, industrial supplies); delivered import prices lead domestic transformer input PPI.",
IR00100,Import Price Index (End Use): Meat Products,candidate,import,input-upstream,no,"Imported input cost (metals, capital goods, industrial supplies); delivered import prices lead domestic transformer input PPI.",
IR00120,Import Price Index (End Use): Fruits and Fro,candidate,import,input-upstream,no,"Imported input cost (metals, capital goods, industrial supplies); delivered import prices lead domestic transformer input PPI.",
IR00130,Import Price Index (End Use): Vegetables,candidate,import,input-upstream,no,"Imported input cost (metals, capital goods, industrial supplies); delivered import prices lead domestic transformer input PPI.",
IR01000,Import Price Index (End Use): Fish and Shell,candidate,import,input-upstream,no,"Imported input cost (metals, capital goods, industrial supplies); delivered import prices lead domestic transformer input PPI.",
IR10000,Import Price Index (End Use): Crude Oil,candidate,import,input-upstream,no,"Imported input cost (metals, capital goods, industrial supplies); delivered import prices lead domestic transformer input PPI.",
IR11,Import Price Index (End Use): Paper and Pape,candidate,import,input-upstream,no,"Imported input cost (metals, capital goods, industrial supplies); delivered import prices lead domestic transformer input PPI.",
IR130,Import Price Index (End Use): Lumber and Oth,candidate,import,input-upstream,no,"Imported input cost (metals, capital goods, industrial supplies); delivered import prices lead domestic transformer input PPI.",
IR15,Import Price Index (End Use): Finished Metal,candidate,import,input-upstream,no,"Imported input cost (metals, capital goods, industrial supplies); delivered import prices lead domestic transformer input PPI.",
IR150,Import Price Index (End Use): Iron and Steel,candidate,import,input-upstream,no,"Imported input cost (metals, capital goods, industrial supplies); delivered import prices lead domestic transformer input PPI.",
IR151,Import Price Index (End Use): Iron and Steel,candidate,import,input-upstream,no,"Imported input cost (metals, capital goods, industrial supplies); delivered import prices lead domestic transformer input PPI.",
IR40,"Import Price Index (End Use): Nondurables, M",candidate,import,input-upstream,no,"Imported input cost (metals, capital goods, industrial supplies); delivered import prices lead domestic transformer input PPI.",
IR40000,"Import Price Index (End Use): Apparel, House",candidate,import,input-upstream,no,"Imported input cost (metals, capital goods, industrial supplies); delivered import prices lead domestic transformer input PPI.",
IR40020,"Import Price Index (End Use): Apparel, Texti",candidate,import,input-upstream,no,"Imported input cost (metals, capital goods, industrial supplies); delivered import prices lead domestic transformer input PPI.",
IR41120,"Import Price Index (End Use): Toys, Games, a",candidate,import,input-upstream,no,"Imported input cost (metals, capital goods, industrial supplies); delivered import prices lead domestic transformer input PPI.",
IR3,Import Price Index (End Use): Automotive Veh,candidate,import,input-upstream,no,"Imported input cost (metals, capital goods, industrial supplies); delivered import prices lead domestic transformer input PPI.",
IR300,Import Price Index (End Use): Passenger Cars,candidate,import,input-upstream,no,"Imported input cost (metals, capital goods, industrial supplies); delivered import prices lead domestic transformer input PPI.",
IR101,"Import Price Index (End Use): Fuels, N.e.s.",candidate,import,input-upstream,no,"Imported input cost (metals, capital goods, industrial supplies); delivered import prices lead domestic transformer input PPI.",
IR10110,Import Price Index (End Use): Natural Gas,candidate,import,input-upstream,no,"Imported input cost (metals, capital goods, industrial supplies); delivered import prices lead domestic transformer input PPI.",
IR14,Import Price Index (End Use): Unfinished Met,candidate,import,input-upstream,no,"Imported input cost (metals, capital goods, industrial supplies); delivered import prices lead domestic transformer input PPI.",
IR142,Import Price Index (End Use): Major Nonferro,candidate,import,input-upstream,no,"Imported input cost (metals, capital goods, industrial supplies); delivered import prices lead domestic transformer input PPI.",
IR14280,Import Price Index (End Use): Other Precious,candidate,import,input-upstream,no,"Imported input cost (metals, capital goods, industrial supplies); delivered import prices lead domestic transformer input PPI.",
IR000,"Import Price Index (End Use): Green Coffee,",candidate,import,input-upstream,no,"Imported input cost (metals, capital goods, industrial supplies); delivered import prices lead domestic transformer input PPI.",
IR100,Import Price Index (End Use): Petroleum Prod,candidate,import,input-upstream,no,"Imported input cost (metals, capital goods, industrial supplies); delivered import prices lead domestic transformer input PPI.",
IR4,Import Price Index (End Use): Consumer Goods,candidate,import,input-upstream,no,"Imported input cost (metals, capital goods, industrial supplies); delivered import prices lead domestic transformer input PPI.",
IR,Import Price Index (End Use): All Commoditie,candidate,import,input-upstream,no,"Imported input cost (metals, capital goods, industrial supplies); delivered import prices lead domestic transformer input PPI.",
IR1EXPET,Import Price Index (End Use): Industrial Sup,candidate,import,input-upstream,no,"Imported input cost (metals, capital goods, industrial supplies); delivered import prices lead domestic transformer input PPI.",
IR302NAPT,Import Price Index (End Use): Automotive Par,candidate,import,input-upstream,no,"Imported input cost (metals, capital goods, industrial supplies); delivered import prices lead domestic transformer input PPI.",
IR12,Import Price Index (End Use): Agricultural P,candidate,import,input-upstream,no,"Imported input cost (metals, capital goods, industrial supplies); delivered import prices lead domestic transformer input PPI.",
PCU486110486110,Producer Price Index by Industry: Pipeline T,candidate,freight,input-upstream,no,Freight / transport cost and capacity tightness; a fast-moving trade-cost signal that leads delivered input and equipment cost.,
PCU4861104861103,Producer Price Index by Industry: Pipeline T,candidate,freight,input-upstream,no,Freight / transport cost and capacity tightness; a fast-moving trade-cost signal that leads delivered input and equipment cost.,
PCU486110486110311,Producer Price Index by Industry: Pipeline T,candidate,freight,input-upstream,no,Freight / transport cost and capacity tightness; a fast-moving trade-cost signal that leads delivered input and equipment cost.,
PCU486110486110312,Producer Price Index by Industry: Pipeline T,candidate,freight,input-upstream,no,Freight / transport cost and capacity tightness; a fast-moving trade-cost signal that leads delivered input and equipment cost.,
PCU486110486110P,Producer Price Index by Industry: Pipeline T,candidate,freight,input-upstream,no,Freight / transport cost and capacity tightness; a fast-moving trade-cost signal that leads delivered input and equipment cost.,
PCU486910486910,Producer Price Index by Industry: Refined Pe,candidate,freight,input-upstream,no,Freight / transport cost and capacity tightness; a fast-moving trade-cost signal that leads delivered input and equipment cost.,
PCU4869104869101,Producer Price Index by Industry: Refined Pe,candidate,freight,input-upstream,no,Freight / transport cost and capacity tightness; a fast-moving trade-cost signal that leads delivered input and equipment cost.,
PCU486910486910P,Producer Price Index by Industry: Refined Pe,candidate,freight,input-upstream,no,Freight / transport cost and capacity tightness; a fast-moving trade-cost signal that leads delivered input and equipment cost.,
PCU4811124811121,Producer Price Index by Industry: Scheduled,candidate,freight,input-upstream,no,Freight / transport cost and capacity tightness; a fast-moving trade-cost signal that leads delivered input and equipment cost.,
PCU4811124811122,Producer Price Index by Industry: Scheduled,candidate,freight,input-upstream,no,Freight / transport cost and capacity tightness; a fast-moving trade-cost signal that leads delivered input and equipment cost.,
PCU481112481112P,Producer Price Index by Industry: Scheduled,candidate,freight,input-upstream,no,Freight / transport cost and capacity tightness; a fast-moving trade-cost signal that leads delivered input and equipment cost.,
PCU4921104921102,Producer Price Index by Industry: Couriers a,candidate,freight,input-upstream,no,Freight / transport cost and capacity tightness; a fast-moving trade-cost signal that leads delivered input and equipment cost.,
PCU483111483111,Producer Price Index by Industry: Deep Sea F,candidate,freight,input-upstream,no,Freight / transport cost and capacity tightness; a fast-moving trade-cost signal that leads delivered input and equipment cost.,
PCU4831114831115,Producer Price Index by Industry: Deep Sea F,candidate,freight,input-upstream,no,Freight / transport cost and capacity tightness; a fast-moving trade-cost signal that leads delivered input and equipment cost.,
PCU483111483111P,Producer Price Index by Industry: Deep Sea F,candidate,freight,input-upstream,no,Freight / transport cost and capacity tightness; a fast-moving trade-cost signal that leads delivered input and equipment cost.,
PCU481111481111,Producer Price Index by Industry: Scheduled,candidate,freight,input-upstream,no,Freight / transport cost and capacity tightness; a fast-moving trade-cost signal that leads delivered input and equipment cost.,
PCU4811114811111,Producer Price Index by Industry: Scheduled,candidate,freight,input-upstream,no,Freight / transport cost and capacity tightness; a fast-moving trade-cost signal that leads delivered input and equipment cost.,
PCU4811114811112,Producer Price Index by Industry: Scheduled,candidate,freight,input-upstream,no,Freight / transport cost and capacity tightness; a fast-moving trade-cost signal that leads delivered input and equipment cost.,
UOCDFNA066MNFRBPHI,Current Unfilled Orders; Diffusion Index for,candidate,orders,demand-forward,no,"Manufacturers' new/unfilled orders, shipments, inventories; forward demand and backlog for equipment lead shipments and prices.",
UOCDNA156MNFRBPHI,Current Unfilled Orders; Percent Reporting D,candidate,orders,demand-forward,no,"Manufacturers' new/unfilled orders, shipments, inventories; forward demand and backlog for equipment lead shipments and prices.",
UOCDSA156MSFRBPHI,Current Unfilled Orders; Percent Reporting D,candidate,orders,demand-forward,no,"Manufacturers' new/unfilled orders, shipments, inventories; forward demand and backlog for equipment lead shipments and prices.",
UOCINA156MNFRBPHI,Current Unfilled Orders; Percent Reporting I,candidate,orders,demand-forward,no,"Manufacturers' new/unfilled orders, shipments, inventories; forward demand and backlog for equipment lead shipments and prices.",
UOCISA156MSFRBPHI,Current Unfilled Orders; Percent Reporting I,candidate,orders,demand-forward,no,"Manufacturers' new/unfilled orders, shipments, inventories; forward demand and backlog for equipment lead shipments and prices.",
UOCNNA156MNFRBPHI,Current Unfilled Orders; Percent Reporting N,candidate,orders,demand-forward,no,"Manufacturers' new/unfilled orders, shipments, inventories; forward demand and backlog for equipment lead shipments and prices.",
UOCNSA156MSFRBPHI,Current Unfilled Orders; Percent Reporting N,candidate,orders,demand-forward,no,"Manufacturers' new/unfilled orders, shipments, inventories; forward demand and backlog for equipment lead shipments and prices.",
UOFDFNA066MNFRBPHI,Future Unfilled Orders; Diffusion Index for,candidate,orders,demand-forward,no,"Manufacturers' new/unfilled orders, shipments, inventories; forward demand and backlog for equipment lead shipments and prices.",
UOFDFSA066MSFRBPHI,Future Unfilled Orders; Diffusion Index for,candidate,orders,demand-forward,no,"Manufacturers' new/unfilled orders, shipments, inventories; forward demand and backlog for equipment lead shipments and prices.",
UOFDNA156MNFRBPHI,Future Unfilled Orders; Percent Reporting De,candidate,orders,demand-forward,no,"Manufacturers' new/unfilled orders, shipments, inventories; forward demand and backlog for equipment lead shipments and prices.",
UOFDSA156MSFRBPHI,Future Unfilled Orders; Percent Reporting De,candidate,orders,demand-forward,no,"Manufacturers' new/unfilled orders, shipments, inventories; forward demand and backlog for equipment lead shipments and prices.",
UOFINA156MNFRBPHI,Future Unfilled Orders; Percent Reporting In,candidate,orders,demand-forward,no,"Manufacturers' new/unfilled orders, shipments, inventories; forward demand and backlog for equipment lead shipments and prices.",
UOFISA156MSFRBPHI,Future Unfilled Orders; Percent Reporting In,candidate,orders,demand-forward,no,"Manufacturers' new/unfilled orders, shipments, inventories; forward demand and backlog for equipment lead shipments and prices.",
UOFNNA156MNFRBPHI,Future Unfilled Orders; Percent Reporting No,candidate,orders,demand-forward,no,"Manufacturers' new/unfilled orders, shipments, inventories; forward demand and backlog for equipment lead shipments and prices.",
UOFNSA156MSFRBPHI,Future Unfilled Orders; Percent Reporting No,candidate,orders,demand-forward,no,"Manufacturers' new/unfilled orders, shipments, inventories; forward demand and backlog for equipment lead shipments and prices.",
A31AUO,Manufacturers' Unfilled Orders: Iron and Ste,candidate,orders,demand-forward,no,"Manufacturers' new/unfilled orders, shipments, inventories; forward demand and backlog for equipment lead shipments and prices.",
A31CUO,Manufacturers' Unfilled Orders: Ferrous Meta,candidate,orders,demand-forward,no,"Manufacturers' new/unfilled orders, shipments, inventories; forward demand and backlog for equipment lead shipments and prices.",
A31SUO,Manufacturers' Unfilled Orders: Primary Meta,candidate,orders,demand-forward,no,"Manufacturers' new/unfilled orders, shipments, inventories; forward demand and backlog for equipment lead shipments and prices.",
A32SUO,Manufacturers' Unfilled Orders: Fabricated M,candidate,orders,demand-forward,no,"Manufacturers' new/unfilled orders, shipments, inventories; forward demand and backlog for equipment lead shipments and prices.",
A33CUO,Manufacturers' Unfilled Orders: Construction,candidate,orders,demand-forward,no,"Manufacturers' new/unfilled orders, shipments, inventories; forward demand and backlog for equipment lead shipments and prices.",
A33DUO,"Manufacturers' Unfilled Orders: Mining, Oil,",candidate,orders,demand-forward,no,"Manufacturers' new/unfilled orders, shipments, inventories; forward demand and backlog for equipment lead shipments and prices.",
A33EUO,Manufacturers' Unfilled Orders: Industrial M,candidate,orders,demand-forward,no,"Manufacturers' new/unfilled orders, shipments, inventories; forward demand and backlog for equipment lead shipments and prices.",
A33GUO,Manufacturers' Unfilled Orders: Photographic,candidate,orders,demand-forward,no,"Manufacturers' new/unfilled orders, shipments, inventories; forward demand and backlog for equipment lead shipments and prices.",
A33HUO,"Manufacturers' Unfilled Orders: Ventilation,",candidate,orders,demand-forward,no,"Manufacturers' new/unfilled orders, shipments, inventories; forward demand and backlog for equipment lead shipments and prices.",
AAA10YM,Moody's Seasoned Aaa Corporate Bond Yield Re,candidate,rates,financial-forward,no,Interest-rate / yield-curve / credit signal; financing cost for capital-intensive grid investment that leads the capex/build cycle.,
BAA10YM,Moody's Seasoned Baa Corporate Bond Yield Re,candidate,rates,financial-forward,no,Interest-rate / yield-curve / credit signal; financing cost for capital-intensive grid investment that leads the capex/build cycle.,
GS20,Market Yield on U.S. Treasury Securities at,candidate,rates,financial-forward,no,Interest-rate / yield-curve / credit signal; financing cost for capital-intensive grid investment that leads the capex/build cycle.,
GS3,Market Yield on U.S. Treasury Securities at,candidate,rates,financial-forward,no,Interest-rate / yield-curve / credit signal; financing cost for capital-intensive grid investment that leads the capex/build cycle.,
GS5,Market Yield on U.S. Treasury Securities at,candidate,rates,financial-forward,no,Interest-rate / yield-curve / credit signal; financing cost for capital-intensive grid investment that leads the capex/build cycle.,
AAAFFM,Moody's Seasoned Aaa Corporate Bond Minus Fe,candidate,rates,financial-forward,no,Interest-rate / yield-curve / credit signal; financing cost for capital-intensive grid investment that leads the capex/build cycle.,
BAAFFM,Moody's Seasoned Baa Corporate Bond Minus Fe,candidate,rates,financial-forward,no,Interest-rate / yield-curve / credit signal; financing cost for capital-intensive grid investment that leads the capex/build cycle.,
T10YFFM,10-Year Treasury Constant Maturity Minus Fed,candidate,rates,financial-forward,no,Interest-rate / yield-curve / credit signal; financing cost for capital-intensive grid investment that leads the capex/build cycle.,
T1YFFM,1-Year Treasury Constant Maturity Minus Fede,candidate,rates,financial-forward,no,Interest-rate / yield-curve / credit signal; financing cost for capital-intensive grid investment that leads the capex/build cycle.,
T5YFFM,5-Year Treasury Constant Maturity Minus Fede,candidate,rates,financial-forward,no,Interest-rate / yield-curve / credit signal; financing cost for capital-intensive grid investment that leads the capex/build cycle.,
TB3SMFFM,3-Month Treasury Bill Minus Federal Funds Ra,candidate,rates,financial-forward,no,Interest-rate / yield-curve / credit signal; financing cost for capital-intensive grid investment that leads the capex/build cycle.,
TB6SMFFM,6-Month Treasury Bill Minus Federal Funds Ra,candidate,rates,financial-forward,no,Interest-rate / yield-curve / credit signal; financing cost for capital-intensive grid investment that leads the capex/build cycle.,
GS7,Market Yield on U.S. Treasury Securities at,candidate,rates,financial-forward,no,Interest-rate / yield-curve / credit signal; financing cost for capital-intensive grid investment that leads the capex/build cycle.,
T10Y2YM,10-Year Treasury Constant Maturity Minus 2-Y,candidate,rates,financial-forward,no,Interest-rate / yield-curve / credit signal; financing cost for capital-intensive grid investment that leads the capex/build cycle.,
EXPINF10YR,10-Year Expected Inflation,candidate,expectations,financial-forward,no,Market / survey inflation expectations; a forward read on input-cost inflation.,
EXPINF11YR,11-Year Expected Inflation,candidate,expectations,financial-forward,no,Market / survey inflation expectations; a forward read on input-cost inflation.,
EXPINF12YR,12-Year Expected Inflation,candidate,expectations,financial-forward,no,Market / survey inflation expectations; a forward read on input-cost inflation.,
EXPINF13YR,13-Year Expected Inflation,candidate,expectations,financial-forward,no,Market / survey inflation expectations; a forward read on input-cost inflation.,
EXPINF14YR,14-Year Expected Inflation,candidate,expectations,financial-forward,no,Market / survey inflation expectations; a forward read on input-cost inflation.,
EXPINF15YR,15-Year Expected Inflation,candidate,expectations,financial-forward,no,Market / survey inflation expectations; a forward read on input-cost inflation.,
EXPINF16YR,16-Year Expected Inflation,candidate,expectations,financial-forward,no,Market / survey inflation expectations; a forward read on input-cost inflation.,
EXPINF17YR,17-Year Expected Inflation,candidate,expectations,financial-forward,no,Market / survey inflation expectations; a forward read on input-cost inflation.,
EXPINF18YR,18-Year Expected Inflation,candidate,expectations,financial-forward,no,Market / survey inflation expectations; a forward read on input-cost inflation.,
EXPINF19YR,19-Year Expected Inflation,candidate,expectations,financial-forward,no,Market / survey inflation expectations; a forward read on input-cost inflation.,
AWFDFNA066MNFRBPHI,Future Work Hours; Diffusion Index for Feder,candidate,regionalfed_future,demand-forward,no,Regional-Fed survey FUTURE (6-month-ahead) diffusion (orders/prices/capex); a purpose-built forward indicator of the pricing cycle for electrical equipment.,
AWFDFSA066MSFRBPHI,Future Work Hours; Diffusion Index for Feder,candidate,regionalfed_future,demand-forward,no,Regional-Fed survey FUTURE (6-month-ahead) diffusion (orders/prices/capex); a purpose-built forward indicator of the pricing cycle for electrical equipment.,
AWFDNA156MNFRBPHI,Future Work Hours; Percent Reporting Decreas,candidate,regionalfed_future,demand-forward,no,Regional-Fed survey FUTURE (6-month-ahead) diffusion (orders/prices/capex); a purpose-built forward indicator of the pricing cycle for electrical equipment.,
AWFDSA156MSFRBPHI,Future Work Hours; Percent Reporting Decreas,candidate,regionalfed_future,demand-forward,no,Regional-Fed survey FUTURE (6-month-ahead) diffusion (orders/prices/capex); a purpose-built forward indicator of the pricing cycle for electrical equipment.,
AWFINA156MNFRBPHI,Future Work Hours; Percent Reporting Increas,candidate,regionalfed_future,demand-forward,no,Regional-Fed survey FUTURE (6-month-ahead) diffusion (orders/prices/capex); a purpose-built forward indicator of the pricing cycle for electrical equipment.,
AWFISA156MSFRBPHI,Future Work Hours; Percent Reporting Increas,candidate,regionalfed_future,demand-forward,no,Regional-Fed survey FUTURE (6-month-ahead) diffusion (orders/prices/capex); a purpose-built forward indicator of the pricing cycle for electrical equipment.,
AWFNNA156MNFRBPHI,Future Work Hours; Percent Reporting No Chan,candidate,regionalfed_future,demand-forward,no,Regional-Fed survey FUTURE (6-month-ahead) diffusion (orders/prices/capex); a purpose-built forward indicator of the pricing cycle for electrical equipment.,
AWFNSA156MSFRBPHI,Future Work Hours; Percent Reporting No Chan,candidate,regionalfed_future,demand-forward,no,Regional-Fed survey FUTURE (6-month-ahead) diffusion (orders/prices/capex); a purpose-built forward indicator of the pricing cycle for electrical equipment.,
CEFDFNA066MNFRBPHI,Future Capital Expenditures; Diffusion Index,candidate,regionalfed_future,demand-forward,no,Regional-Fed survey FUTURE (6-month-ahead) diffusion (orders/prices/capex); a purpose-built forward indicator of the pricing cycle for electrical equipment.,
CEFDNA156MNFRBPHI,Future Capital Expenditures; Percent Reporti,candidate,regionalfed_future,demand-forward,no,Regional-Fed survey FUTURE (6-month-ahead) diffusion (orders/prices/capex); a purpose-built forward indicator of the pricing cycle for electrical equipment.,
CEFDSA156MSFRBPHI,Future Capital Expenditures; Percent Reporti,candidate,regionalfed_future,demand-forward,no,Regional-Fed survey FUTURE (6-month-ahead) diffusion (orders/prices/capex); a purpose-built forward indicator of the pricing cycle for electrical equipment.,
CEFINA156MNFRBPHI,Future Capital Expenditures; Percent Reporti,candidate,regionalfed_future,demand-forward,no,Regional-Fed survey FUTURE (6-month-ahead) diffusion (orders/prices/capex); a purpose-built forward indicator of the pricing cycle for electrical equipment.,
CEFISA156MSFRBPHI,Future Capital Expenditures; Percent Reporti,candidate,regionalfed_future,demand-forward,no,Regional-Fed survey FUTURE (6-month-ahead) diffusion (orders/prices/capex); a purpose-built forward indicator of the pricing cycle for electrical equipment.,
CEFNNA156MNFRBPHI,Future Capital Expenditures; Percent Reporti,candidate,regionalfed_future,demand-forward,no,Regional-Fed survey FUTURE (6-month-ahead) diffusion (orders/prices/capex); a purpose-built forward indicator of the pricing cycle for electrical equipment.,
CEFNSA156MSFRBPHI,Future Capital Expenditures; Percent Reporti,candidate,regionalfed_future,demand-forward,no,Regional-Fed survey FUTURE (6-month-ahead) diffusion (orders/prices/capex); a purpose-built forward indicator of the pricing cycle for electrical equipment.,
GAFDFNA066MNFRBPHI,Future General Activity; Diffusion Index for,candidate,regionalfed_future,demand-forward,no,Regional-Fed survey FUTURE (6-month-ahead) diffusion (orders/prices/capex); a purpose-built forward indicator of the pricing cycle for electrical equipment.,
GAFDNA156MNFRBPHI,Future General Activity; Percent Reporting D,candidate,regionalfed_future,demand-forward,no,Regional-Fed survey FUTURE (6-month-ahead) diffusion (orders/prices/capex); a purpose-built forward indicator of the pricing cycle for electrical equipment.,
GAFDSA156MSFRBPHI,Future General Activity; Percent Reporting D,candidate,regionalfed_future,demand-forward,no,Regional-Fed survey FUTURE (6-month-ahead) diffusion (orders/prices/capex); a purpose-built forward indicator of the pricing cycle for electrical equipment.,
GAFINA156MNFRBPHI,Future General Activity; Percent Reporting I,candidate,regionalfed_future,demand-forward,no,Regional-Fed survey FUTURE (6-month-ahead) diffusion (orders/prices/capex); a purpose-built forward indicator of the pricing cycle for electrical equipment.,
GAFISA156MSFRBPHI,Future General Activity; Percent Reporting I,candidate,regionalfed_future,demand-forward,no,Regional-Fed survey FUTURE (6-month-ahead) diffusion (orders/prices/capex); a purpose-built forward indicator of the pricing cycle for electrical equipment.,
GAFNNA156MNFRBPHI,Future General Activity; Percent Reporting N,candidate,regionalfed_future,demand-forward,no,Regional-Fed survey FUTURE (6-month-ahead) diffusion (orders/prices/capex); a purpose-built forward indicator of the pricing cycle for electrical equipment.,
GAFNSA156MSFRBPHI,Future General Activity; Percent Reporting N,candidate,regionalfed_future,demand-forward,no,Regional-Fed survey FUTURE (6-month-ahead) diffusion (orders/prices/capex); a purpose-built forward indicator of the pricing cycle for electrical equipment.,
NEFDFNA066MNFRBPHI,Future Employment; Diffusion Index for Feder,candidate,regionalfed_future,demand-forward,no,Regional-Fed survey FUTURE (6-month-ahead) diffusion (orders/prices/capex); a purpose-built forward indicator of the pricing cycle for electrical equipment.,
NEFDFSA066MSFRBPHI,Future Employment; Diffusion Index for Feder,candidate,regionalfed_future,demand-forward,no,Regional-Fed survey FUTURE (6-month-ahead) diffusion (orders/prices/capex); a purpose-built forward indicator of the pricing cycle for electrical equipment.,
NEFDNA156MNFRBPHI,Future Employment; Percent Reporting Decreas,candidate,regionalfed_future,demand-forward,no,Regional-Fed survey FUTURE (6-month-ahead) diffusion (orders/prices/capex); a purpose-built forward indicator of the pricing cycle for electrical equipment.,
NEFDSA156MSFRBPHI,Future Employment; Percent Reporting Decreas,candidate,regionalfed_future,demand-forward,no,Regional-Fed survey FUTURE (6-month-ahead) diffusion (orders/prices/capex); a purpose-built forward indicator of the pricing cycle for electrical equipment.,
AWCDFNA066MNFRBPHI,Current Work Hours; Diffusion Index for Fede,candidate,regionalfed_current,demand-activity,no,Regional-Fed survey CURRENT diffusion; near-real-time activity/prices (largely coincident).,
AWCDFSA066MSFRBPHI,Current Work Hours; Diffusion Index for Fede,candidate,regionalfed_current,demand-activity,no,Regional-Fed survey CURRENT diffusion; near-real-time activity/prices (largely coincident).,
AWCDNA156MNFRBPHI,Current Work Hours; Percent Reporting Decrea,candidate,regionalfed_current,demand-activity,no,Regional-Fed survey CURRENT diffusion; near-real-time activity/prices (largely coincident).,
AWCDSA156MSFRBPHI,Current Work Hours; Percent Reporting Decrea,candidate,regionalfed_current,demand-activity,no,Regional-Fed survey CURRENT diffusion; near-real-time activity/prices (largely coincident).,
AWCINA156MNFRBPHI,Current Work Hours; Percent Reporting Increa,candidate,regionalfed_current,demand-activity,no,Regional-Fed survey CURRENT diffusion; near-real-time activity/prices (largely coincident).,
AWCISA156MSFRBPHI,Current Work Hours; Percent Reporting Increa,candidate,regionalfed_current,demand-activity,no,Regional-Fed survey CURRENT diffusion; near-real-time activity/prices (largely coincident).,
AWCNNA156MNFRBPHI,Current Work Hours; Percent Reporting No Cha,candidate,regionalfed_current,demand-activity,no,Regional-Fed survey CURRENT diffusion; near-real-time activity/prices (largely coincident).,
AWCNSA156MSFRBPHI,Current Work Hours; Percent Reporting No Cha,candidate,regionalfed_current,demand-activity,no,Regional-Fed survey CURRENT diffusion; near-real-time activity/prices (largely coincident).,
GACDFNA066MNFRBPHI,Current General Activity; Diffusion Index fo,candidate,regionalfed_current,demand-activity,no,Regional-Fed survey CURRENT diffusion; near-real-time activity/prices (largely coincident).,
GACDNA156MNFRBPHI,Current General Activity; Percent Reporting,candidate,regionalfed_current,demand-activity,no,Regional-Fed survey CURRENT diffusion; near-real-time activity/prices (largely coincident).,
GACDSA156MSFRBPHI,Current General Activity; Percent Reporting,candidate,regionalfed_current,demand-activity,no,Regional-Fed survey CURRENT diffusion; near-real-time activity/prices (largely coincident).,
GACINA156MNFRBPHI,Current General Activity; Percent Reporting,candidate,regionalfed_current,demand-activity,no,Regional-Fed survey CURRENT diffusion; near-real-time activity/prices (largely coincident).,
GACISA156MSFRBPHI,Current General Activity; Percent Reporting,candidate,regionalfed_current,demand-activity,no,Regional-Fed survey CURRENT diffusion; near-real-time activity/prices (largely coincident).,
GACNNA156MNFRBPHI,Current General Activity; Percent Reporting,candidate,regionalfed_current,demand-activity,no,Regional-Fed survey CURRENT diffusion; near-real-time activity/prices (largely coincident).,
IPG2211A2N,Industrial Production: Utilities: Electric a,candidate,grid_datacenter,demand-forward,no,Grid build-out and the data-center electricity boom pull grid-transformer demand ahead of transformer prices.,
IPB53122S,Industrial Production: Durable Goods Materia,candidate,grid_datacenter,demand-forward,no,Grid build-out and the data-center electricity boom pull grid-transformer demand ahead of transformer prices.,
IPB53122N,Industrial Production: Durable Goods Materia,candidate,grid_datacenter,demand-forward,no,Grid build-out and the data-center electricity boom pull grid-transformer demand ahead of transformer prices.,
WPU0542,Producer Price Index by Commodity: Fuels and,candidate,grid_datacenter,demand-forward,no,Grid build-out and the data-center electricity boom pull grid-transformer demand ahead of transformer prices.,
WPU0543,Producer Price Index by Commodity: Fuels and,candidate,grid_datacenter,demand-forward,no,Grid build-out and the data-center electricity boom pull grid-transformer demand ahead of transformer prices.,
PCU22112222112243,Producer Price Index by Industry: Electric P,candidate,grid_datacenter,demand-forward,no,Grid build-out and the data-center electricity boom pull grid-transformer demand ahead of transformer prices.,
PCU22112222112242,Producer Price Index by Industry: Electric P,candidate,grid_datacenter,demand-forward,no,Grid build-out and the data-center electricity boom pull grid-transformer demand ahead of transformer prices.,
PCU3359913359910,Producer Price Index by Industry: Carbon and,candidate,grid_datacenter,demand-forward,no,Grid build-out and the data-center electricity boom pull grid-transformer demand ahead of transformer prices.,
CAPG2211A2S,Industrial Capacity: Utilities: Electric and,candidate,grid_datacenter,demand-forward,no,Grid build-out and the data-center electricity boom pull grid-transformer demand ahead of transformer prices.,
CAPG2211S,Industrial Capacity: Utilities: Electric Pow,candidate,grid_datacenter,demand-forward,no,Grid build-out and the data-center electricity boom pull grid-transformer demand ahead of transformer prices.,
CAPG2212S,Industrial Capacity: Utilities: Natural Gas,candidate,grid_datacenter,demand-forward,no,Grid build-out and the data-center electricity boom pull grid-transformer demand ahead of transformer prices.,
CAPHITEK2S,Industrial Capacity: Manufacturing: Durable,candidate,grid_datacenter,demand-forward,no,Grid build-out and the data-center electricity boom pull grid-transformer demand ahead of transformer prices.,
CAPUTLG2211A2S,Capacity Utilization: Utilities: Electric an,candidate,grid_datacenter,demand-forward,no,Grid build-out and the data-center electricity boom pull grid-transformer demand ahead of transformer prices.,
CAPUTLG2211S,Capacity Utilization: Utilities: Electric Po,candidate,grid_datacenter,demand-forward,no,Grid build-out and the data-center electricity boom pull grid-transformer demand ahead of transformer prices.,
CAPUTLG2212S,Capacity Utilization: Utilities: Natural Gas,candidate,grid_datacenter,demand-forward,no,Grid build-out and the data-center electricity boom pull grid-transformer demand ahead of transformer prices.,
CAPUTLHITEK2S,Capacity Utilization: Manufacturing: Durable,candidate,grid_datacenter,demand-forward,no,Grid build-out and the data-center electricity boom pull grid-transformer demand ahead of transformer prices.,
CAPUTLX4HTK2S,Capacity Utilization: Manufacturing Excludin,candidate,grid_datacenter,demand-forward,no,Grid build-out and the data-center electricity boom pull grid-transformer demand ahead of transformer prices.,
CAPUTLX50HTKS,Capacity Utilization: Total Excluding Comput,candidate,grid_datacenter,demand-forward,no,Grid build-out and the data-center electricity boom pull grid-transformer demand ahead of transformer prices.,
CAPX4HTK2S,Industrial Capacity: Manufacturing Excluding,candidate,grid_datacenter,demand-forward,no,Grid build-out and the data-center electricity boom pull grid-transformer demand ahead of transformer prices.,
CAPX50HTKS,Industrial Capacity: Total Excluding Compute,candidate,grid_datacenter,demand-forward,no,Grid build-out and the data-center electricity boom pull grid-transformer demand ahead of transformer prices.,
IPB51121N,Industrial Production: Durable Consumer Good,candidate,grid_datacenter,demand-forward,no,Grid build-out and the data-center electricity boom pull grid-transformer demand ahead of transformer prices.,
IPB51121S,Industrial Production: Durable Consumer Good,candidate,grid_datacenter,demand-forward,no,Grid build-out and the data-center electricity boom pull grid-transformer demand ahead of transformer prices.,
PERMIT1NSA,New Privately-Owned Housing Units Authorized,candidate,construction,demand-forward,no,Construction/permit activity in the building pipeline; power & manufacturing construction leads grid-equipment orders.,
PERMIT24NSA,New Privately-Owned Housing Units Authorized,candidate,construction,demand-forward,no,Construction/permit activity in the building pipeline; power & manufacturing construction leads grid-equipment orders.,
PERMIT5NSA,New Privately-Owned Housing Units Authorized,candidate,construction,demand-forward,no,Construction/permit activity in the building pipeline; power & manufacturing construction leads grid-equipment orders.,
PERMITNSA,New Privately-Owned Housing Units Authorized,candidate,construction,demand-forward,no,Construction/permit activity in the building pipeline; power & manufacturing construction leads grid-equipment orders.,
HOUST1FNSA,New Privately-Owned Housing Units Started: S,candidate,construction,demand-forward,no,Construction/permit activity in the building pipeline; power & manufacturing construction leads grid-equipment orders.,
HOUST2F,New Privately-Owned Housing Units Started: U,candidate,construction,demand-forward,no,Construction/permit activity in the building pipeline; power & manufacturing construction leads grid-equipment orders.,
HOUST5F,New Privately-Owned Housing Units Started: U,candidate,construction,demand-forward,no,Construction/permit activity in the building pipeline; power & manufacturing construction leads grid-equipment orders.,
HOUSTNSA,New Privately-Owned Housing Units Started: T,candidate,construction,demand-forward,no,Construction/permit activity in the building pipeline; power & manufacturing construction leads grid-equipment orders.,
PERMIT24,New Privately-Owned Housing Units Authorized,candidate,construction,demand-forward,no,Construction/permit activity in the building pipeline; power & manufacturing construction leads grid-equipment orders.,
PERMIT5,New Privately-Owned Housing Units Authorized,candidate,construction,demand-forward,no,Construction/permit activity in the building pipeline; power & manufacturing construction leads grid-equipment orders.,
INDPRO,Industrial Production: Total Index,candidate,ip_capacity,demand-activity,no,"Industrial production / capacity utilization of adjacent industries; largely coincident, used for force structure.",
IPB50001N,Industrial Production: Total Index,candidate,ip_capacity,demand-activity,no,"Industrial production / capacity utilization of adjacent industries; largely coincident, used for force structure.",
IPB50002N,Industrial Production: Final Products,candidate,ip_capacity,demand-activity,no,"Industrial production / capacity utilization of adjacent industries; largely coincident, used for force structure.",
IPB51000N,Industrial Production: Consumer Goods,candidate,ip_capacity,demand-activity,no,"Industrial production / capacity utilization of adjacent industries; largely coincident, used for force structure.",
IPB51100N,Industrial Production: Durable Consumer Good,candidate,ip_capacity,demand-activity,no,"Industrial production / capacity utilization of adjacent industries; largely coincident, used for force structure.",
IPB51110N,Industrial Production: Durable Consumer Good,candidate,ip_capacity,demand-activity,no,"Industrial production / capacity utilization of adjacent industries; largely coincident, used for force structure.",
PNRGINDEXM,Global price of Energy index,candidate,commodity_fx,triangulation,no,Global commodity benchmark / trade-weighted dollar; traded-input triangulation and FX pass-through.,
PMETAINDEXM,Global price of Metal index,candidate,commodity_fx,triangulation,no,Global commodity benchmark / trade-weighted dollar; traded-input triangulation and FX pass-through.,
PALLFNFINDEXM,Global Price Index of All Commodities,candidate,commodity_fx,triangulation,no,Global commodity benchmark / trade-weighted dollar; traded-input triangulation and FX pass-through.,
PFOODINDEXM,Global price of Food index,candidate,commodity_fx,triangulation,no,Global commodity benchmark / trade-weighted dollar; traded-input triangulation and FX pass-through.,
PRAWMINDEXM,Global price of Agr. Raw Material Index,candidate,commodity_fx,triangulation,no,Global commodity benchmark / trade-weighted dollar; traded-input triangulation and FX pass-through.,
PINDUINDEXM,Global price of Industrial Materials index,candidate,commodity_fx,triangulation,no,Global commodity benchmark / trade-weighted dollar; traded-input triangulation and FX pass-through.,
PPIACO,All-commodities PPI (market control),market-control,market,,no,Broad Producer Price Index for all commodities; proxy for the general commodity/industrial-price cycle common to every metal input.,"Control variable, not scored as a candidate."
